Workbook

Sheet Idle-Normal
A1: Fator | B1: Cont | C1: Valor | D1: Dgts | M1: PRINCIPAL
A2: - | B2: 1 | C2: 1 | D2: =LEN(TEXT(C2,0)) -> 1 | F2: Fator Mult. | G2: =ROUND(G38*G39,1) -> 59
A3: k | B3: =B2+1 -> 2 | C3: =C2*1000 -> 1000 | D3: =LEN(TEXT(C3,0)) -> 4
A4: m | B4: =B3+1 -> 3 | C4: =C3*1000 -> 1000000 | D4: =LEN(TEXT(C4,0)) -> 7 | F4: Atual | G4: =(SUM(AK7:AK11,AK17:AK21,AK27:AK31,AK37:AK41,AK47:AK51,AK57:AK61,AK67:AK71,AK77:AK81)) -> 151 | I4: =G4/G6 -> 0.88823529 | AJ4: Dinheiro
A5: b | B5: =B4+1 -> 4 | C5: =C4*1000 -> 1000000000 | D5: =LEN(TEXT(C5,0)) -> 10 | M5: Dinheiro | AJ5: Mina | AK5: Prestigo Atual | AL5: GAP | AM5: Verificação | AN5: Valor OffLine | AT5: Próximo Prestigio
A6: t | B6: =B5+1 -> 5 | C6: =C5*1000 -> 1000000000000 | D6: =LEN(TEXT(C6,0)) -> 13 | F6: Meta | G6: 170 | I6: =(6*5)*8 -> 240 | M6: Mina | N6: Armazem | P6: Armazem Valor | Q6: Elevador | S6: Elevador Valor | T6: Extração | V6: Extração Valor | W6: Ordem | Y6: Valor | Z6: ColsAjust | AA6: ColFator | AB6: AjsuteCol | AC6: Coluna | AD6: Linha | AE6: Valor Mínimo | AH6: Verificação | AN6: Ordem | AP6: Valor | AQ6: Multip. | AR6: Repre. | AT6: Ordem | AU6: Valor Real | AV6: Valor | AW6: Multip.
A7: aa | B7: =B6+1 -> 6 | C7: =C6*1000 -> 1e+15 | D7: =LEN(TEXT(C7,0)) -> 16 | M7: Carvão | N7: 427 | O7: bb | P7: =N7*(VLOOKUP(O7,tab_fator[],3,0)) -> 4.27e+98 | Q7: 446 | R7: bb | S7: =Q7*(VLOOKUP(R7,tab_fator[],3,0)) -> 4.46e+98 | T7: 403 | U7: bb | V7: =T7*(VLOOKUP(U7,tab_fator[],3,0)) -> 4.03e+98 | W7: =_xlfn.RANK.EQ(V7,$V7:$V11) -> 2 | Y7: =MIN(V7,S7,P7) -> 4.03e+98 | Z7: =MATCH(Y7,M7:V7,0) -> 10 | AA7: =COLUMN($L$1) -> 12 | AB7: 2 | AC7: =Z7+AA7-AB7 -> 20 | AD7: =ROW(M7) -> 7 | AE7: {=INDIRECT(ADDRESS(AD7,AC7,1,1))} -> 403 | AF7: {=INDIRECT(ADDRESS(AD7,AC7+1,1,1))} -> bb | AH7: =IF(AND(V7<S7,V7<P7),"Equilibrado","Ver") -> Equilibrado | AJ7: Carvão | AK7: 6 | AL7: =VLOOKUP(I10,tab_fator[],2,0)-VLOOKUP(AQ7,tab_fator[],2,0) -> 2 | AM7: =IF(AN7+AT7=6,"Equilibrado","Ver") -> Ver | AN7: =_xlfn.RANK.EQ(AO7,AO7:AO11) -> 2 | AO7: =AP7*(VLOOKUP(AQ7,tab_fator[],3,0)) -> 2.38e+99 | AP7: ='Transformação-Normal'!Q7 -> 2.38 | AQ7: ='Transformação-Normal'!R7 -> bc | AR7: =AO7/SUM(AO7:AO11) -> 0.20995801 | AS7: =(AP7*VLOOKUP(AQ7,tab_fator[],3,0))+ (AP8*VLOOKUP(AQ8,tab_fator[],3,0))+ (AP9*VLOOKUP(AQ9,tab_fator[],3,0))+ (AP10*VLOOKUP(AQ10,tab_fator[],3,0))+ (AP11*VLOOKUP(AQ11,tab_fator[],3,0)) -> 1.13356e+100 | AT7: =_xlfn.RANK.EQ(AU7,$AU$7:$AU$11,1) -> 5 | AU7: =AV7*(VLOOKUP(AW7,tab_fator[],3,0)) -> 7.6705e+112 | AV7: 76.705 | AW7: bg | AX7: *Poço 31
A8: ab | B8: =B7+1 -> 7 | C8: =C7*1000 -> 1e+18 | D8: =LEN(TEXT(C8,0)) -> 19 | F8: PRINCIPAL | M8: Ouro | N8: 445 | O8: bb | P8: =N8*(VLOOKUP(O8,tab_fator[],3,0)) -> 4.45e+98 | Q8: 398 | R8: bb | S8: =Q8*(VLOOKUP(R8,tab_fator[],3,0)) -> 3.98e+98 | T8: 344 | U8: bb | V8: =T8*(VLOOKUP(U8,tab_fator[],3,0)) -> 3.44e+98 | W8: =_xlfn.RANK.EQ(V8,$V$7:$V$11) -> 3 | Y8: =MIN(V8,S8,P8) -> 3.44e+98 | Z8: =MATCH(Y8,M8:V8,0) -> 10 | AA8: =COLUMN($L$1) -> 12 | AB8: 2 | AC8: =Z8+AA8-AB8 -> 20 | AD8: =ROW(X8) -> 8 | AE8: {=INDIRECT(ADDRESS(AD8,AC8,1,1))} -> 344 | AF8: {=INDIRECT(ADDRESS(AD8,AC8+1,1,1))} -> bb | AH8: =IF(AND(V8<S8,V8<P8),"Equilibrado","Ver") -> Equilibrado | AJ8: Ouro | AK8: 6 | AL8: =VLOOKUP(I10,tab_fator[],2,0)-VLOOKUP(AQ8,tab_fator[],2,0) -> 2 | AM8: =IF(AN8+AT8=6,"Equilibrado","Ver") -> Equilibrado | AN8: =_xlfn.RANK.EQ(AO8,AO7:AO11) -> 3 | AO8: =AP8*(VLOOKUP(AQ8,tab_fator[],3,0)) -> 2.03e+99 | AP8: ='Transformação-Normal'!Q8 -> 2.03 | AQ8: ='Transformação-Normal'!R8 -> bc | AR8: =AO8/SUM(AO7:AO11) -> 0.17908183 | AS8: =_xlfn.XLOOKUP((LEN(TEXT(AS7,0))),tab_fator[Dgts],tab_fator[Fator],"errro",-1,1) -> bc | AT8: =_xlfn.RANK.EQ(AU8,$AU$7:$AU$11,1) -> 3 | AU8: =AV8*(VLOOKUP(AW8,tab_fator[],3,0)) -> 7.6704e+112 | AV8: 76.704 | AW8: bg | AX8: *Poço 31
A9: ac | B9: =B8+1 -> 8 | C9: =C8*1000 -> 1e+21 | D9: =LEN(TEXT(C9,0)) -> 22 | F9: Ilha | G9: Próximo | H9: Valor | J9: Falta Horas | K9: Falta Letras | M9: Rubi | N9: 1.31 | O9: bc | P9: =N9*(VLOOKUP(O9,tab_fator[],3,0)) -> 1.31e+99 | Q9: 1.36 | R9: bc | S9: =Q9*(VLOOKUP(R9,tab_fator[],3,0)) -> 1.36e+99 | T9: 1.16 | U9: bc | V9: =T9*(VLOOKUP(U9,tab_fator[],3,0)) -> 1.16e+99 | W9: =_xlfn.RANK.EQ(V9,$V$7:$V$11) -> 1 | Y9: =MIN(V9,S9,P9) -> 1.16e+99 | Z9: =MATCH(Y9,M9:V9,0) -> 10 | AA9: =COLUMN($L$1) -> 12 | AB9: 2 | AC9: =Z9+AA9-AB9 -> 20 | AD9: =ROW(X9) -> 9 | AE9: {=INDIRECT(ADDRESS(AD9,AC9,1,1))} -> 1.16 | AF9: {=INDIRECT(ADDRESS(AD9,AC9+1,1,1))} -> bc | AH9: =IF(AND(V9<S9,V9<P9),"Equilibrado","Ver") -> Equilibrado | AJ9: Rubi | AK9: 6 | AL9: =VLOOKUP(I10,tab_fator[],2,0)-VLOOKUP(AQ9,tab_fator[],2,0) -> 2 | AM9: =IF(AN9+AT9=6,"Equilibrado","Ver") -> Ver | AN9: =_xlfn.RANK.EQ(AO9,AO7:AO11) -> 1 | AO9: =AP9*(VLOOKUP(AQ9,tab_fator[],3,0)) -> 6.84e+99 | AP9: ='Transformação-Normal'!Q9 -> 6.84 | AQ9: ='Transformação-Normal'!R9 -> bc | AR9: =AO9/SUM(AO7:AO11) -> 0.60340873 | AS9: =VLOOKUP(AS8,tab_fator[],3,0) -> 1e+99 | AT9: =_xlfn.RANK.EQ(AU9,$AU$7:$AU$11,1) -> 2 | AU9: =AV9*(VLOOKUP(AW9,tab_fator[],3,0)) -> 7.6703e+112 | AV9: 76.703 | AW9: bg | AX9: *Poço 31
A10: ad | B10: =B9+1 -> 9 | C10: =C9*1000 -> 1e+24 | D10: =LEN(TEXT(C10,0)) -> 25 | F10: Principal | G10: =_xlfn.XLOOKUP(1,AT7:AT11,AJ7:AJ11,"Erro",0,1) -> Esmeralda | H10: =VLOOKUP(G10,$AJ$7:$AW$82,13,0) -> 7.71 | I10: =VLOOKUP(G10,$AJ$7:$AW$82,14,0) -> be | J10: =_xlfn.CONCAT(INT(((((VLOOKUP(1,$AT$7:$AW$11,3,0)*(VLOOKUP(((VLOOKUP((VLOOKUP(1,$AT$7:$AW$11,4,0)),tab_fator[],2,0))-(VLOOKUP(AQ12,tab_fator[],2,0))+1),tab_fator[[#All],[Cont]:[Valor]],2,0)))/$AP$12)/60/60/24)))," Dias e ",TEXT(((((VLOOKUP(1,$AT$7:$AW$11,3,0)*(VLOOKUP(((VLOOKUP((VLOOKUP(1,$AT$7:$AW$11,4,0)),tab_fator[],2,0))-(VLOOKUP(AQ12,tab_fator[],2,0))+1),tab_fator[[#All],[Cont]:[Valor]],2,0)))/$AP$12)/60/60/24)),"hh:mm")) -> 7 Dias e 21:31 | K10: =(VLOOKUP(AQ12,tab_fator[],2,0)-(VLOOKUP(VLOOKUP(1,$AT$7:$AW$11,4,0),tab_fator[],2,0)))*-1 -> 2 | M10: Diamante | N10: 220 | O10: at | P10: =N10*(VLOOKUP(O10,tab_fator[],3,0)) -> 2.2e+74 | Q10: 252 | R10: at | S10: =Q10*(VLOOKUP(R10,tab_fator[],3,0)) -> 2.52e+74 | T10: 42.9 | U10: at | V10: =T10*(VLOOKUP(U10,tab_fator[],3,0)) -> 4.29e+73 | W10: =_xlfn.RANK.EQ(V10,$V$7:$V$11) -> 5 | Y10: =MIN(V10,S10,P10) -> 4.29e+73 | Z10: =MATCH(Y10,M10:V10,0) -> 10 | AA10: =COLUMN($L$1) -> 12 | AB10: 2 | AC10: =Z10+AA10-AB10 -> 20 | AD10: =ROW(X10) -> 10 | AE10: {=INDIRECT(ADDRESS(AD10,AC10,1,1))} -> 42.9 | AF10: {=INDIRECT(ADDRESS(AD10,AC10+1,1,1))} -> at | AH10: =IF(AND(V10<S10,V10<P10),"Equilibrado","Ver") -> Equilibrado | AJ10: Diamante | AK10: 6 | AL10: =VLOOKUP(I10,tab_fator[],2,0)-VLOOKUP(AQ10,tab_fator[],2,0) -> 11 | AM10: =IF(AN10+AT10=6,"Equilibrado","Ver") -> Ver | AN10: =_xlfn.RANK.EQ(AO10,AO7:AO11) -> 5 | AO10: =AP10*(VLOOKUP(AQ10,tab_fator[],3,0)) -> 2.53e+74 | AP10: ='Transformação-Normal'!Q10 -> 253 | AQ10: ='Transformação-Normal'!R10 -> at | AR10: =AO10/SUM(AO7:AO11) -> 2.2319066e-26 | AT10: =_xlfn.RANK.EQ(AU10,$AU$7:$AU$11,1) -> 3 | AU10: =AV10*(VLOOKUP(AW10,tab_fator[],3,0)) -> 7.6704e+112 | AV10: 76.704 | AW10: bg | AX10: *Poço 31
A11: ae | B11: =B10+1 -> 10 | C11: =C10*1000 -> 1e+27 | D11: =LEN(TEXT(C11,0)) -> 28 | F11: Gelo | G11: =_xlfn.XLOOKUP(1,AT17:AT21,AJ17:AJ21,"Erro",0,1) -> Seletina | H11: =VLOOKUP(G11,$AJ$7:$AW$82,13,0) -> 1.44 | I11: =VLOOKUP(G11,$AJ$7:$AW$82,14,0) -> bd | J11: =_xlfn.CONCAT(INT(((((VLOOKUP(1,$AT$17:$AW$21,3,0)*(VLOOKUP(((VLOOKUP((VLOOKUP(1,$AT$17:$AW$21,4,0)),tab_fator[],2,0))-(VLOOKUP(AQ22,tab_fator[],2,0))+1),tab_fator[[#All],[Cont]:[Valor]],2,0)))/AP22)/60/60/24)))," Dias e ",TEXT(((((VLOOKUP(1,$AT$17:$AW$21,3,0)*(VLOOKUP(((VLOOKUP((VLOOKUP(1,$AT$17:$AW$21,4,0)),tab_fator[],2,0))-(VLOOKUP(AQ22,tab_fator[],2,0))+1),tab_fator[[#All],[Cont]:[Valor]],2,0)))/AP22)/60/60/24)),"hh:mm")) -> 102 Dias e 21:08 | K11: =(VLOOKUP(AQ22,tab_fator[],2,0)-(VLOOKUP(VLOOKUP(1,$AT$17:$AW$21,4,0),tab_fator[],2,0)))*-1 -> 3 | M11: Esmeralda | N11: 31.3 | O11: bb | P11: =N11*(VLOOKUP(O11,tab_fator[],3,0)) -> 3.13e+97 | Q11: 15.1 | R11: bb | S11: =Q11*(VLOOKUP(R11,tab_fator[],3,0)) -> 1.51e+97 | T11: 14.5 | U11: bb | V11: =T11*(VLOOKUP(U11,tab_fator[],3,0)) -> 1.45e+97 | W11: =_xlfn.RANK.EQ(V11,$V$7:$V$11) -> 4 | Y11: =MIN(V11,S11,P11) -> 1.45e+97 | Z11: =MATCH(Y11,M11:V11,0) -> 10 | AA11: =COLUMN($L$1) -> 12 | AB11: 2 | AC11: =Z11+AA11-AB11 -> 20 | AD11: =ROW(X11) -> 11 | AE11: {=INDIRECT(ADDRESS(AD11,AC11,1,1))} -> 14.5 | AF11: {=INDIRECT(ADDRESS(AD11,AC11+1,1,1))} -> bb | AH11: =IF(AND(V11<S11,V11<P11),"Equilibrado","Ver") -> Equilibrado | AJ11: Esmeralda | AK11: 5 | AL11: =VLOOKUP(I10,tab_fator[],2,0)-VLOOKUP(AQ11,tab_fator[],2,0) -> 3 | AM11: =IF(AN11+AT11=6,"Equilibrado","Ver") -> Ver | AN11: =_xlfn.RANK.EQ(AO11,AO7:AO11) -> 4 | AO11: =AP11*(VLOOKUP(AQ11,tab_fator[],3,0)) -> 8.56e+97 | AP11: ='Transformação-Normal'!Q11 -> 85.6 | AQ11: ='Transformação-Normal'!R11 -> bb | AR11: =AO11/SUM(AO7:AO11) -> 0.0075514309 | AT11: =_xlfn.RANK.EQ(AU11,$AU$7:$AU$11,1) -> 1 | AU11: =AV11*(VLOOKUP(AW11,tab_fator[],3,0)) -> 7.71e+105 | AV11: 7.71 | AW11: be
A12: af | B12: =B11+1 -> 11 | C12: =C11*1000 -> 1e+30 | D12: =LEN(TEXT(C12,0)) -> 31 | F12: Fogo | G12: =_xlfn.XLOOKUP(1,AT27:AT31,AJ27:AJ31,"Erro",0,1) -> Ambar | H12: =VLOOKUP(G12,$AJ$7:$AW$82,13,0) -> 2.81 | I12: =VLOOKUP(G12,$AJ$7:$AW$82,14,0) -> bc | J12: =_xlfn.CONCAT(INT(((((VLOOKUP(1,$AT$27:$AW$31,3,0)*(VLOOKUP(((VLOOKUP((VLOOKUP(1,$AT$27:$AW$31,4,0)),tab_fator[],2,0))-(VLOOKUP(AQ32,tab_fator[],2,0))+1),tab_fator[[#All],[Cont]:[Valor]],2,0)))/AP32)/60/60/24)))," Dias e ",TEXT(((((VLOOKUP(1,$AT$27:$AW$31,3,0)*(VLOOKUP(((VLOOKUP((VLOOKUP(1,$AT$27:$AW$31,4,0)),tab_fator[],2,0))-(VLOOKUP(AQ32,tab_fator[],2,0))+1),tab_fator[[#All],[Cont]:[Valor]],2,0)))/AP32)/60/60/24)),"hh:mm")) -> 256 Dias e 02:06 | K12: =(VLOOKUP(AQ32,tab_fator[],2,0)-(VLOOKUP(VLOOKUP(1,$AT$27:$AW$31,4,0),tab_fator[],2,0)))*-1 -> 3 | AJ12: Total | AK12: =CONCATENATE(SUM(AK7:AK11)," / ",6*5) -> 29 / 30 | AP12: =IF(AS7/AS9<10,(TEXT(AS7/AS9,"#,##")),IF(AS7/AS9<100,TEXT(AS7/AS9,"##,#"),TEXT(AS7/AS9,"###"))) -> 11,3 | AQ12: =AS8 -> bc | AT12: =IF((AP12*VLOOKUP(AQ12,tab_fator[],3,0))>(_xlfn.XLOOKUP(1,AT7:AT11,AV7:AV11,"",0,1)*VLOOKUP((_xlfn.XLOOKUP(1,AT7:AT11,AW7:AW11,"",0,1)),tab_fator[],3,0)),"Pronto","Esperar") -> Esperar
A13: ag | B13: =B12+1 -> 12 | C13: =C12*1000 -> 1e+33 | D13: =LEN(TEXT(C13,0)) -> 34 | F13: Aurora | G13: =_xlfn.XLOOKUP(1,AT37:AT41,AJ37:AJ41,"Erro",0,1) -> Realgar | H13: =VLOOKUP(G13,$AJ$7:$AW$82,13,0) -> 15.1 | I13: =VLOOKUP(G13,$AJ$7:$AW$82,14,0) -> ay | J13: =_xlfn.CONCAT(INT(((((VLOOKUP(1,$AT$37:$AW$41,3,0)*(VLOOKUP(((VLOOKUP((VLOOKUP(1,$AT$37:$AW$41,4,0)),tab_fator[],2,0))-(VLOOKUP(AQ42,tab_fator[],2,0))+1),tab_fator[[#All],[Cont]:[Valor]],2,0)))/AP42)/60/60/24)))," Dias e ",TEXT(((((VLOOKUP(1,$AT$37:$AW$41,3,0)*(VLOOKUP(((VLOOKUP((VLOOKUP(1,$AT$37:$AW$41,4,0)),tab_fator[],2,0))-(VLOOKUP(AQ42,tab_fator[],2,0))+1),tab_fator[[#All],[Cont]:[Valor]],2,0)))/AP42)/60/60/24)),"hh:mm")) -> 12 Dias e 07:23 | K13: =(VLOOKUP(AQ42,tab_fator[],2,0)-(VLOOKUP(VLOOKUP(1,$AT$37:$AW$41,4,0),tab_fator[],2,0)))*-1 -> 2
A14: ah | B14: =B13+1 -> 13 | C14: =C13*1000 -> 1e+36 | D14: =LEN(TEXT(C14,0)) -> 37 | F14: Crepúsculo | G14: =_xlfn.XLOOKUP(1,AT47:AT51,AJ47:AJ51,"Erro",0,1) -> Fluorita | H14: =VLOOKUP(G14,$AJ$7:$AW$82,13,0) -> 11.9 | I14: =VLOOKUP(G14,$AJ$7:$AW$82,14,0) -> ax | J14: =_xlfn.CONCAT(INT(((((VLOOKUP(1,$AT$47:$AW$51,3,0)*(VLOOKUP(((VLOOKUP((VLOOKUP(1,$AT$47:$AW$51,4,0)),tab_fator[],2,0))-(VLOOKUP(AQ52,tab_fator[],2,0))+1),tab_fator[[#All],[Cont]:[Valor]],2,0)))/AP52)/60/60/24)))," Dias e ",TEXT(((((VLOOKUP(1,$AT$47:$AW$51,3,0)*(VLOOKUP(((VLOOKUP((VLOOKUP(1,$AT$47:$AW$51,4,0)),tab_fator[],2,0))-(VLOOKUP(AQ52,tab_fator[],2,0))+1),tab_fator[[#All],[Cont]:[Valor]],2,0)))/AP52)/60/60/24)),"hh:mm")) -> 62 Dias e 07:43 | K14: =(VLOOKUP(AQ52,tab_fator[],2,0)-(VLOOKUP(VLOOKUP(1,$AT$47:$AW$51,4,0),tab_fator[],2,0)))*-1 -> 2 | AJ14: Dinheiro de Gelo
A15: ai | B15: =B14+1 -> 14 | C15: =C14*1000 -> 1e+39 | D15: =LEN(TEXT(C15,0)) -> 40 | F15: Antigo | G15: =_xlfn.XLOOKUP(1,AT57:AT61,AJ57:AJ61,"Erro",0,1) -> Pérola | H15: =VLOOKUP(G15,$AJ$7:$AW$82,13,0) -> 432 | I15: =VLOOKUP(G15,$AJ$7:$AW$82,14,0) -> aw | J15: =_xlfn.CONCAT(INT(((((VLOOKUP(1,$AT$57:$AW$61,3,0)*(VLOOKUP(((VLOOKUP((VLOOKUP(1,$AT$57:$AW$61,4,0)),tab_fator[],2,0))-(VLOOKUP(AQ62,tab_fator[],2,0))+1),tab_fator[[#All],[Cont]:[Valor]],2,0)))/AP62)/60/60/24)))," Dias e ",TEXT(((((VLOOKUP(1,$AT$57:$AW$61,3,0)*(VLOOKUP(((VLOOKUP((VLOOKUP(1,$AT$57:$AW$61,4,0)),tab_fator[],2,0))-(VLOOKUP(AQ62,tab_fator[],2,0))+1),tab_fator[[#All],[Cont]:[Valor]],2,0)))/AP62)/60/60/24)),"hh:mm")) -> 54 Dias e 12:36 | K15: =(VLOOKUP(AQ62,tab_fator[],2,0)-(VLOOKUP(VLOOKUP(1,$AT$57:$AW$61,4,0),tab_fator[],2,0)))*-1 -> 2 | M15: Dinheiro de Gelo | AJ15: Mina | AK15: Prestigo | AL15: GAP | AM15: Verificação | AN15: Valor OffLine | AT15: Próximo Prestigio
A16: aj | B16: =B15+1 -> 15 | C16: =C15*1000 -> 1e+42 | D16: =LEN(TEXT(C16,0)) -> 43 | F16: Deserto | G16: =_xlfn.XLOOKUP(1,AT67:AT71,AJ67:AJ71,"Erro",0,1) -> Crisoberílio | H16: =VLOOKUP(G16,$AJ$7:$AW$82,13,0) -> 55.1 | I16: =VLOOKUP(G16,$AJ$7:$AW$82,14,0) -> ax | J16: =_xlfn.CONCAT(INT(((((VLOOKUP(1,$AT$67:$AW$71,3,0)*(VLOOKUP(((VLOOKUP((VLOOKUP(1,$AT$67:$AW$71,4,0)),tab_fator[],2,0))-(VLOOKUP(AQ72,tab_fator[],2,0))+1),tab_fator[[#All],[Cont]:[Valor]],2,0)))/AP72)/60/60/24)))," Dias e ",TEXT(((((VLOOKUP(1,$AT$67:$AW$71,3,0)*(VLOOKUP(((VLOOKUP((VLOOKUP(1,$AT$67:$AW$71,4,0)),tab_fator[],2,0))-(VLOOKUP(AQ72,tab_fator[],2,0))+1),tab_fator[[#All],[Cont]:[Valor]],2,0)))/AP72)/60/60/24)),"hh:mm")) -> 53 Dias e 14:10 | K16: =(VLOOKUP(AQ72,tab_fator[],2,0)-(VLOOKUP(VLOOKUP(1,$AT$67:$AW$71,4,0),tab_fator[],2,0)))*-1 -> 2 | M16: Mina | N16: Armazem | P16: Armazem Valor | Q16: Elevador | S16: Elevador Valor | T16: Extração | V16: Extração Valor | W16: Ordem | Y16: Valor | Z16: ColsAjust | AA16: ColFator | AB16: AjsuteCol | AC16: Coluna | AD16: Linha | AE16: Valor Mínimo | AH16: Verificação | AK16: Atual | AN16: Ordem | AP16: Valor | AQ16: Multip. | AR16: Repre. | AT16: Ordem | AU16: Valor Real | AV16: Valor | AW16: Multip.
A17: ak | B17: =B16+1 -> 16 | C17: =C16*1000 -> 1e+45 | D17: =LEN(TEXT(C17,0)) -> 46 | F17: Submarino | G17: =_xlfn.XLOOKUP(1,AT77:AT81,AJ77:AJ81,"Erro",0,1) -> Sereias | H17: =VLOOKUP(G17,$AJ$7:$AW$82,13,0) -> 41.6 | I17: =VLOOKUP(G17,$AJ$7:$AW$82,14,0) -> at | J17: =_xlfn.CONCAT(INT(((((VLOOKUP(1,$AT$77:$AW$81,3,0)*(VLOOKUP(((VLOOKUP((VLOOKUP(1,$AT$77:$AW$81,4,0)),tab_fator[],2,0))-(VLOOKUP(AQ82,tab_fator[],2,0))+1),tab_fator[[#All],[Cont]:[Valor]],2,0)))/AP82)/60/60/24)))," Dias e ",TEXT(((((VLOOKUP(1,$AT$77:$AW$81,3,0)*(VLOOKUP(((VLOOKUP((VLOOKUP(1,$AT$77:$AW$81,4,0)),tab_fator[],2,0))-(VLOOKUP(AQ82,tab_fator[],2,0))+1),tab_fator[[#All],[Cont]:[Valor]],2,0)))/AP82)/60/60/24)),"hh:mm")) -> 130 Dias e 11:35 | K17: =(VLOOKUP(AQ82,tab_fator[],2,0)-(VLOOKUP(VLOOKUP(1,$AT$77:$AW$81,4,0),tab_fator[],2,0)))*-1 -> 2 | M17: Seletina | N17: 48.1 | O17: az | P17: =N17*(VLOOKUP(O17,tab_fator[],3,0)) -> 4.81e+91 | Q17: 51.8 | R17: az | S17: =Q17*(VLOOKUP(R17,tab_fator[],3,0)) -> 5.18e+91 | T17: 46 | U17: az | V17: =T17*(VLOOKUP(U17,tab_fator[],3,0)) -> 4.6e+91 | W17: =_xlfn.RANK.EQ(V17,$V17:$V21) -> 5 | Y17: =MIN(V17,S17,P17) -> 4.6e+91 | Z17: =MATCH(Y17,M17:V17,0) -> 10 | AA17: =COLUMN($L$1) -> 12 | AB17: 2 | AC17: =Z17+AA17-AB17 -> 20 | AD17: =ROW(X17) -> 17 | AE17: {=INDIRECT(ADDRESS(AD17,AC17,1,1))} -> 46 | AF17: {=INDIRECT(ADDRESS(AD17,AC17+1,1,1))} -> az | AH17: =IF(AND(V17<S17,V17<P17),"Equilibrado","Ver") -> Equilibrado | AJ17: Seletina | AK17: 5 | AL17: =VLOOKUP(I11,tab_fator[],2,0)-VLOOKUP(AQ17,tab_fator[],2,0) -> 4 | AM17: =IF(AN17+AT17=6,"Equilibrado","Ver") -> Equilibrado | AN17: =_xlfn.RANK.EQ(AO17,AO17:AO21) -> 5 | AO17: =AP17*(VLOOKUP(AQ17,tab_fator[],3,0)) -> 2.71e+92 | AP17: ='Transformação-Normal'!Q14 -> 271 | AQ17: ='Transformação-Normal'!R14 -> az | AR17: =AO17/SUM(AO17:AO21) -> 0.0016693257 | AS17: =(AP17*VLOOKUP(AQ17,tab_fator[],3,0))+ (AP18*VLOOKUP(AQ18,tab_fator[],3,0))+ (AP19*VLOOKUP(AQ19,tab_fator[],3,0))+ (AP20*VLOOKUP(AQ20,tab_fator[],3,0))+ (AP21*VLOOKUP(AQ21,tab_fator[],3,0)) -> 1.62341e+95 | AT17: =_xlfn.RANK.EQ(AU17,$AU$17:$AU$21,1) -> 1 | AU17: =AV17*(VLOOKUP(AW17,tab_fator[],3,0)) -> 1.44e+102 | AV17: 1.44 | AW17: bd
A18: al | B18: =B17+1 -> 17 | C18: =C17*1000 -> 1e+48 | D18: =LEN(TEXT(C18,0)) -> 49 | M18: Ametista | N18: 1.13 | O18: ba | P18: =N18*(VLOOKUP(O18,tab_fator[],3,0)) -> 1.13e+93 | Q18: 1.13 | R18: ba | S18: =Q18*(VLOOKUP(R18,tab_fator[],3,0)) -> 1.13e+93 | T18: 1.08 | U18: ba | V18: =T18*(VLOOKUP(U18,tab_fator[],3,0)) -> 1.08e+93 | W18: =_xlfn.RANK.EQ(V18,$V17:$V21) -> 4 | Y18: =MIN(V18,S18,P18) -> 1.08e+93 | Z18: =MATCH(Y18,M18:V18,0) -> 10 | AA18: =COLUMN($L$1) -> 12 | AB18: 2 | AC18: =Z18+AA18-AB18 -> 20 | AD18: =ROW(X18) -> 18 | AE18: {=INDIRECT(ADDRESS(AD18,AC18,1,1))} -> 1.08 | AF18: {=INDIRECT(ADDRESS(AD18,AC18+1,1,1))} -> ba | AH18: =IF(AND(V18<S18,V18<P18),"Equilibrado","Ver") -> Equilibrado | AJ18: Ametista | AK18: 5 | AL18: =VLOOKUP(I11,tab_fator[],2,0)-VLOOKUP(AQ18,tab_fator[],2,0) -> 3 | AM18: =IF(AN18+AT18=6,"Equilibrado","Ver") -> Equilibrado | AN18: =_xlfn.RANK.EQ(AO18,AO17:AO21) -> 4 | AO18: =AP18*(VLOOKUP(AQ18,tab_fator[],3,0)) -> 6.37e+93 | AP18: ='Transformação-Normal'!Q15 -> 6.37 | AQ18: ='Transformação-Normal'!R15 -> ba | AR18: =AO18/SUM(AO17:AO21) -> 0.039238393 | AS18: =_xlfn.XLOOKUP((LEN(TEXT(AS17,0))),tab_fator[Dgts],tab_fator[Fator],"errro",-1,1) -> ba | AT18: =_xlfn.RANK.EQ(AU18,$AU$17:$AU$21,1) -> 2 | AU18: =AV18*(VLOOKUP(AW18,tab_fator[],3,0)) -> 4.02e+103 | AV18: 40.2 | AW18: bd
A19: am | B19: =B18+1 -> 18 | C19: =C18*1000 -> 1e+51 | D19: =LEN(TEXT(C19,0)) -> 52 | G19: Tenho | H19: Meta | M19: Safira | N19: 2.5 | O19: ba | P19: =N19*(VLOOKUP(O19,tab_fator[],3,0)) -> 2.5e+93 | Q19: 2.5 | R19: ba | S19: =Q19*(VLOOKUP(R19,tab_fator[],3,0)) -> 2.5e+93 | T19: 2.39 | U19: ba | V19: =T19*(VLOOKUP(U19,tab_fator[],3,0)) -> 2.39e+93 | W19: =_xlfn.RANK.EQ(V19,$V17:$V21) -> 3 | Y19: =MIN(V19,S19,P19) -> 2.39e+93 | Z19: =MATCH(Y19,M19:V19,0) -> 10 | AA19: =COLUMN($L$1) -> 12 | AB19: 2 | AC19: =Z19+AA19-AB19 -> 20 | AD19: =ROW(X19) -> 19 | AE19: {=INDIRECT(ADDRESS(AD19,AC19,1,1))} -> 2.39 | AF19: {=INDIRECT(ADDRESS(AD19,AC19+1,1,1))} -> ba | AH19: =IF(AND(V19<S19,V19<P19),"Equilibrado","Ver") -> Equilibrado | AJ19: Safira | AK19: 5 | AL19: =VLOOKUP(I11,tab_fator[],2,0)-VLOOKUP(AQ19,tab_fator[],2,0) -> 3 | AM19: =IF(AN19+AT19=6,"Equilibrado","Ver") -> Equilibrado | AN19: =_xlfn.RANK.EQ(AO19,AO17:AO21) -> 3 | AO19: =AP19*(VLOOKUP(AQ19,tab_fator[],3,0)) -> 1.41e+94 | AP19: ='Transformação-Normal'!Q16 -> 14.1 | AQ19: ='Transformação-Normal'!R16 -> ba | AR19: =AO19/SUM(AO17:AO21) -> 0.086854214 | AS19: =VLOOKUP(AS18,tab_fator[],3,0) -> 1e+93 | AT19: =_xlfn.RANK.EQ(AU19,$AU$17:$AU$21,1) -> 3 | AU19: =AV19*(VLOOKUP(AW19,tab_fator[],3,0)) -> 2.84e+104 | AV19: 284 | AW19: bd
A20: an | B20: 19 | C20: =C19*1000 -> 1e+54 | D20: =LEN(TEXT(C20,0)) -> 55 | F20: 100X - 5M | G20: 18 | H20: 25 | I20: =G20/H20 -> 0.72 | M20: Cristal | N20: 17.5 | O20: ba | P20: =N20*(VLOOKUP(O20,tab_fator[],3,0)) -> 1.75e+94 | Q20: 17.5 | R20: ba | S20: =Q20*(VLOOKUP(R20,tab_fator[],3,0)) -> 1.75e+94 | T20: 8.89 | U20: ba | V20: =T20*(VLOOKUP(U20,tab_fator[],3,0)) -> 8.89e+93 | W20: =_xlfn.RANK.EQ(V20,$V17:$V21) -> 2 | Y20: =MIN(V20,S20,P20) -> 8.89e+93 | Z20: =MATCH(Y20,M20:V20,0) -> 10 | AA20: =COLUMN($L$1) -> 12 | AB20: 2 | AC20: =Z20+AA20-AB20 -> 20 | AD20: =ROW(X20) -> 20 | AE20: {=INDIRECT(ADDRESS(AD20,AC20,1,1))} -> 8.89 | AF20: {=INDIRECT(ADDRESS(AD20,AC20+1,1,1))} -> ba | AH20: =IF(AND(V20<S20,V20<P20),"Equilibrado","Ver") -> Equilibrado | AJ20: Cristal | AK20: 5 | AL20: =VLOOKUP(I11,tab_fator[],2,0)-VLOOKUP(AQ20,tab_fator[],2,0) -> 3 | AM20: =IF(AN20+AT20=6,"Equilibrado","Ver") -> Equilibrado | AN20: =_xlfn.RANK.EQ(AO20,AO17:AO21) -> 2 | AO20: =AP20*(VLOOKUP(AQ20,tab_fator[],3,0)) -> 5.25e+94 | AP20: ='Transformação-Normal'!Q17 -> 52.5 | AQ20: ='Transformação-Normal'!R17 -> ba | AR20: =AO20/SUM(AO17:AO21) -> 0.32339335 | AT20: =_xlfn.RANK.EQ(AU20,$AU$17:$AU$21,1) -> 4 | AU20: =AV20*(VLOOKUP(AW20,tab_fator[],3,0)) -> 2.14e+105 | AV20: 2.14 | AW20: be
A21: ao | B21: =B20+1 -> 20 | C21: =C20*1000 -> 1e+57 | D21: =LEN(TEXT(C21,0)) -> 58 | M21: Jade | N21: 20.3 | O21: ba | P21: =N21*(VLOOKUP(O21,tab_fator[],3,0)) -> 2.03e+94 | Q21: 20.4 | R21: ba | S21: =Q21*(VLOOKUP(R21,tab_fator[],3,0)) -> 2.04e+94 | T21: 15.1 | U21: ba | V21: =T21*(VLOOKUP(U21,tab_fator[],3,0)) -> 1.51e+94 | W21: =_xlfn.RANK.EQ(V21,$V17:$V21) -> 1 | Y21: =MIN(V21,S21,P21) -> 1.51e+94 | Z21: =MATCH(Y21,M21:V21,0) -> 10 | AA21: =COLUMN($L$1) -> 12 | AB21: 2 | AC21: =Z21+AA21-AB21 -> 20 | AD21: =ROW(X21) -> 21 | AE21: {=INDIRECT(ADDRESS(AD21,AC21,1,1))} -> 15.1 | AF21: {=INDIRECT(ADDRESS(AD21,AC21+1,1,1))} -> ba | AH21: =IF(AND(V21<S21,V21<P21),"Equilibrado","Ver") -> Equilibrado | AJ21: Jade | AK21: 5 | AL21: =VLOOKUP(I11,tab_fator[],2,0)-VLOOKUP(AQ21,tab_fator[],2,0) -> 3 | AM21: =IF(AN21+AT21=6,"Equilibrado","Ver") -> Equilibrado | AN21: =_xlfn.RANK.EQ(AO21,AO17:AO21) -> 1 | AO21: =AP21*(VLOOKUP(AQ21,tab_fator[],3,0)) -> 8.91e+94 | AP21: ='Transformação-Normal'!Q18 -> 89.1 | AQ21: ='Transformação-Normal'!R18 -> ba | AR21: =AO21/SUM(AO17:AO21) -> 0.54884472 | AT21: =_xlfn.RANK.EQ(AU21,$AU$17:$AU$21,1) -> 5 | AU21: =AV21*(VLOOKUP(AW21,tab_fator[],3,0)) -> 7.87e+105 | AV21: 7.87 | AW21: be
A22: ap | B22: =B21+1 -> 21 | C22: =C21*1000 -> 1e+60 | D22: =LEN(TEXT(C22,0)) -> 61 | F22: Artefatos | G22: Ativo | H22: Tempo | AJ22: Total | AK22: =CONCATENATE(SUM(AK17:AK21)," / ",6*5) -> 25 / 30 | AP22: =IF(AS17/AS19<10,(TEXT(AS17/AS19,"#,##")),IF(AS17/AS19<100,TEXT(AS17/AS19,"##,#"),TEXT(AS17/AS19,"###"))) -> 162 | AQ22: =AS18 -> ba | AT22: =IF((AP22*VLOOKUP(AQ22,tab_fator[],3,0))>(_xlfn.XLOOKUP(1,AT17:AT21,AV17:AV21,"",0,1)*VLOOKUP((_xlfn.XLOOKUP(1,AT17:AT21,AW17:AW21,"",0,1)),tab_fator[],3,0)),"Pronto","Esperar") -> Esperar
A23: aq | B23: =B22+1 -> 22 | C23: =C22*1000 -> 1e+63 | D23: =LEN(TEXT(C23,0)) -> 64 | F23: 2 | G23: S | H23: Por tempo
A24: ar | B24: =B23+1 -> 23 | C24: =C23*1000 -> 1e+66 | D24: =LEN(TEXT(C24,0)) -> 67 | F24: 4 | G24: S | H24: Por tempo | AJ24: Dinheiro de Fogo
A25: as | B25: =B24+1 -> 24 | C25: =C24*1000 -> 1e+69 | D25: =LEN(TEXT(C25,0)) -> 70 | F25: 5 | H25: Por tempo | M25: Dinheiro de Fogo | AJ25: Mina | AK25: Prestigo | AL25: GAP | AM25: Verificação | AN25: Valor OffLine | AT25: Próximo Prestigio
A26: at | B26: =B25+1 -> 25 | C26: =C25*1000 -> 1e+72 | D26: =LEN(TEXT(C26,0)) -> 73 | F26: 10 | G26: S | H26: Por tempo | M26: Mina | N26: Armazem | P26: Armazem Valor | Q26: Elevador | S26: Elevador Valor | T26: Extração | V26: Extração Valor | W26: Ordem | Y26: Valor | Z26: ColsAjust | AA26: ColFator | AB26: AjsuteCol | AC26: Coluna | AD26: Linha | AE26: Valor Mínimo | AH26: Verificação | AK26: Atual | AN26: Ordem | AP26: Valor | AQ26: Multip. | AR26: Repre. | AT26: Ordem | AU26: Valor Real | AV26: Valor | AW26: Multip.
A27: au | B27: =B26+1 -> 26 | C27: =C26*1000 -> 1e+75 | D27: =LEN(TEXT(C27,0)) -> 76 | F27: 20 | H27: Por tempo | M27: Ambar | N27: 443 | O27: ay | P27: =N27*(VLOOKUP(O27,tab_fator[],3,0)) -> 4.43e+89 | Q27: 426 | R27: ay | S27: =Q27*(VLOOKUP(R27,tab_fator[],3,0)) -> 4.26e+89 | T27: 401 | U27: ay | V27: =T27*(VLOOKUP(U27,tab_fator[],3,0)) -> 4.01e+89 | W27: =_xlfn.RANK.EQ(V27,$V27:$V31) -> 5 | Y27: =MIN(V27,S27,P27) -> 4.01e+89 | Z27: =MATCH(Y27,M27:V27,0) -> 10 | AA27: =COLUMN($L$1) -> 12 | AB27: 2 | AC27: =Z27+AA27-AB27 -> 20 | AD27: =ROW(X27) -> 27 | AE27: {=INDIRECT(ADDRESS(AD27,AC27,1,1))} -> 401 | AF27: {=INDIRECT(ADDRESS(AD27,AC27+1,1,1))} -> ay | AH27: =IF(AND(V27<S27,V27<P27),"Equilibrado","Ver") -> Equilibrado | AJ27: Ambar | AK27: 5 | AL27: =VLOOKUP($I$12,tab_fator[],2,0)-VLOOKUP(AQ27,tab_fator[],2,0) -> 3 | AM27: =IF(AN27+AT27=6,"Equilibrado","Ver") -> Equilibrado | AN27: =_xlfn.RANK.EQ(AO27,AO27:AO31) -> 5 | AO27: =AP27*(VLOOKUP(AQ27,tab_fator[],3,0)) -> 2.37e+90 | AP27: ='Transformação-Normal'!Q21 -> 2.37 | AQ27: ='Transformação-Normal'!R21 -> az | AR27: =AO27/SUM(AO27:AO31) -> 0.018695275 | AS27: =(AP27*VLOOKUP(AQ27,tab_fator[],3,0))+ (AP28*VLOOKUP(AQ28,tab_fator[],3,0))+ (AP29*VLOOKUP(AQ29,tab_fator[],3,0))+ (AP30*VLOOKUP(AQ30,tab_fator[],3,0))+ (AP31*VLOOKUP(AQ31,tab_fator[],3,0)) -> 1.2677e+92 | AT27: =_xlfn.RANK.EQ(AU27,$AU$27:$AU$31,1) -> 1 | AU27: =AV27*(VLOOKUP(AW27,tab_fator[],3,0)) -> 2.81e+99 | AV27: 2.81 | AW27: bc
A28: av | B28: =B27+1 -> 27 | C28: =C27*1000 -> 1e+78 | D28: =LEN(TEXT(C28,0)) -> 79 | F28: 25 | H28: Por tempo | M28: Pedra do Sol | N28: 2.02 | O28: az | P28: =N28*(VLOOKUP(O28,tab_fator[],3,0)) -> 2.02e+90 | Q28: 1.95 | R28: az | S28: =Q28*(VLOOKUP(R28,tab_fator[],3,0)) -> 1.95e+90 | T28: 1.72 | U28: az | V28: =T28*(VLOOKUP(U28,tab_fator[],3,0)) -> 1.72e+90 | W28: =_xlfn.RANK.EQ(V28,$V27:$V31) -> 4 | Y28: =MIN(V28,S28,P28) -> 1.72e+90 | Z28: =MATCH(Y28,M28:V28,0) -> 10 | AA28: =COLUMN($L$1) -> 12 | AB28: 2 | AC28: =Z28+AA28-AB28 -> 20 | AD28: =ROW(X28) -> 28 | AE28: {=INDIRECT(ADDRESS(AD28,AC28,1,1))} -> 1.72 | AF28: {=INDIRECT(ADDRESS(AD28,AC28+1,1,1))} -> az | AH28: =IF(AND(V28<S28,V28<P28),"Equilibrado","Ver") -> Equilibrado | AJ28: Pedra do Sol | AK28: 5 | AL28: =VLOOKUP($I$12,tab_fator[],2,0)-VLOOKUP(AQ28,tab_fator[],2,0) -> 3 | AM28: =IF(AN28+AT28=6,"Equilibrado","Ver") -> Equilibrado | AN28: =_xlfn.RANK.EQ(AO28,AO27:AO31) -> 4 | AO28: =AP28*(VLOOKUP(AQ28,tab_fator[],3,0)) -> 1.01e+91 | AP28: ='Transformação-Normal'!Q22 -> 10.1 | AQ28: ='Transformação-Normal'!R22 -> az | AR28: =AO28/SUM(AO27:AO31) -> 0.079671847 | AS28: =_xlfn.XLOOKUP((LEN(TEXT(AS27,0))),tab_fator[Dgts],tab_fator[Fator],"errro",-1,1) -> az | AT28: =_xlfn.RANK.EQ(AU28,$AU$27:$AU$31,1) -> 2 | AU28: =AV28*(VLOOKUP(AW28,tab_fator[],3,0)) -> 3.99e+100 | AV28: 39.9 | AW28: bc
A29: aw | B29: =B28+1 -> 28 | C29: =C28*1000 -> 1e+81 | D29: =LEN(TEXT(C29,0)) -> 82 | F29: 50 | H29: Por tempo | M29: Topázio | N29: 2.11 | O29: az | P29: =N29*(VLOOKUP(O29,tab_fator[],3,0)) -> 2.11e+90 | Q29: 2.03 | R29: az | S29: =Q29*(VLOOKUP(R29,tab_fator[],3,0)) -> 2.03e+90 | T29: 1.95 | U29: az | V29: =T29*(VLOOKUP(U29,tab_fator[],3,0)) -> 1.95e+90 | W29: =_xlfn.RANK.EQ(V29,$V27:$V31) -> 3 | Y29: =MIN(V29,S29,P29) -> 1.95e+90 | Z29: =MATCH(Y29,M29:V29,0) -> 10 | AA29: =COLUMN($L$1) -> 12 | AB29: 2 | AC29: =Z29+AA29-AB29 -> 20 | AD29: =ROW(X29) -> 29 | AE29: {=INDIRECT(ADDRESS(AD29,AC29,1,1))} -> 1.95 | AF29: {=INDIRECT(ADDRESS(AD29,AC29+1,1,1))} -> az | AH29: =IF(AND(V29<S29,V29<P29),"Equilibrado","Ver") -> Equilibrado | AJ29: Topázio | AK29: 5 | AL29: =VLOOKUP($I$12,tab_fator[],2,0)-VLOOKUP(AQ29,tab_fator[],2,0) -> 3 | AM29: =IF(AN29+AT29=6,"Equilibrado","Ver") -> Equilibrado | AN29: =_xlfn.RANK.EQ(AO29,AO27:AO31) -> 3 | AO29: =AP29*(VLOOKUP(AQ29,tab_fator[],3,0)) -> 1.15e+91 | AP29: ='Transformação-Normal'!Q23 -> 11.5 | AQ29: ='Transformação-Normal'!R23 -> az | AR29: =AO29/SUM(AO27:AO31) -> 0.090715469 | AS29: =VLOOKUP(AS28,tab_fator[],3,0) -> 1e+90 | AT29: =_xlfn.RANK.EQ(AU29,$AU$27:$AU$31,1) -> 3 | AU29: =AV29*(VLOOKUP(AW29,tab_fator[],3,0)) -> 3.4e+101 | AV29: 340 | AW29: bc
A30: ax | B30: =B29+1 -> 29 | C30: =C29*1000 -> 1e+84 | D30: =LEN(TEXT(C30,0)) -> 85 | F30: 75 | H30: Por tempo | M30: Platina | N30: 8.68 | O30: az | P30: =N30*(VLOOKUP(O30,tab_fator[],3,0)) -> 8.68e+90 | Q30: 8.36 | R30: az | S30: =Q30*(VLOOKUP(R30,tab_fator[],3,0)) -> 8.36e+90 | T30: 6.32 | U30: az | V30: =T30*(VLOOKUP(U30,tab_fator[],3,0)) -> 6.32e+90 | W30: =_xlfn.RANK.EQ(V30,$V27:$V31) -> 2 | Y30: =MIN(V30,S30,P30) -> 6.32e+90 | Z30: =MATCH(Y30,M30:V30,0) -> 10 | AA30: =COLUMN($L$1) -> 12 | AB30: 2 | AC30: =Z30+AA30-AB30 -> 20 | AD30: =ROW(X30) -> 30 | AE30: {=INDIRECT(ADDRESS(AD30,AC30,1,1))} -> 6.32 | AF30: {=INDIRECT(ADDRESS(AD30,AC30+1,1,1))} -> az | AH30: =IF(AND(V30<S30,V30<P30),"Equilibrado","Ver") -> Equilibrado | AJ30: Platina | AK30: 5 | AL30: =VLOOKUP($I$12,tab_fator[],2,0)-VLOOKUP(AQ30,tab_fator[],2,0) -> 3 | AM30: =IF(AN30+AT30=6,"Equilibrado","Ver") -> Equilibrado | AN30: =_xlfn.RANK.EQ(AO30,AO27:AO31) -> 2 | AO30: =AP30*(VLOOKUP(AQ30,tab_fator[],3,0)) -> 3.73e+91 | AP30: ='Transformação-Normal'!Q24 -> 37.3 | AQ30: ='Transformação-Normal'!R24 -> az | AR30: =AO30/SUM(AO27:AO31) -> 0.29423365 | AT30: =_xlfn.RANK.EQ(AU30,$AU$27:$AU$31,1) -> 4 | AU30: =AV30*(VLOOKUP(AW30,tab_fator[],3,0)) -> 2.36e+102 | AV30: 2.36 | AW30: bd
A31: ay | B31: =B30+1 -> 30 | C31: =C30*1000 -> 1e+87 | D31: =LEN(TEXT(C31,0)) -> 88 | F31: 100 | H31: Por tempo | M31: Obsidiana | N31: 12 | O31: az | P31: =N31*(VLOOKUP(O31,tab_fator[],3,0)) -> 1.2e+91 | Q31: 12.5 | R31: az | S31: =Q31*(VLOOKUP(R31,tab_fator[],3,0)) -> 1.25e+91 | T31: 11.1 | U31: az | V31: =T31*(VLOOKUP(U31,tab_fator[],3,0)) -> 1.11e+91 | W31: =_xlfn.RANK.EQ(V31,$V27:$V31) -> 1 | Y31: =MIN(V31,S31,P31) -> 1.11e+91 | Z31: =MATCH(Y31,M31:V31,0) -> 10 | AA31: =COLUMN($L$1) -> 12 | AB31: 2 | AC31: =Z31+AA31-AB31 -> 20 | AD31: =ROW(X31) -> 31 | AE31: {=INDIRECT(ADDRESS(AD31,AC31,1,1))} -> 11.1 | AF31: {=INDIRECT(ADDRESS(AD31,AC31+1,1,1))} -> az | AH31: =IF(AND(V31<S31,V31<P31),"Equilibrado","Ver") -> Equilibrado | AJ31: Obsidiana | AK31: 5 | AL31: =VLOOKUP($I$12,tab_fator[],2,0)-VLOOKUP(AQ31,tab_fator[],2,0) -> 3 | AM31: =IF(AN31+AT31=6,"Equilibrado","Ver") -> Equilibrado | AN31: =_xlfn.RANK.EQ(AO31,AO27:AO31) -> 1 | AO31: =AP31*(VLOOKUP(AQ31,tab_fator[],3,0)) -> 6.55e+91 | AP31: ='Transformação-Normal'!Q25 -> 65.5 | AQ31: ='Transformação-Normal'!R25 -> az | AR31: =AO31/SUM(AO27:AO31) -> 0.51668376 | AT31: =_xlfn.RANK.EQ(AU31,$AU$27:$AU$31,1) -> 5 | AU31: =AV31*(VLOOKUP(AW31,tab_fator[],3,0)) -> 5.89e+102 | AV31: 5.89 | AW31: bd
A32: az | B32: =B31+1 -> 31 | C32: =C31*1000 -> 1e+90 | D32: =LEN(TEXT(C32,0)) -> 91 | F32: 200 | H32: Por tempo | AJ32: Total | AK32: =CONCATENATE(SUM(AK27:AK31)," / ",6*5) -> 25 / 30 | AP32: =IF(AS27/AS29<10,(TEXT(AS27/AS29,"#,##")),IF(AS27/AS29<100,TEXT(AS27/AS29,"##,#"),TEXT(AS27/AS29,"###"))) -> 127 | AQ32: =AS28 -> az | AT32: =IF((AP32*VLOOKUP(AQ32,tab_fator[],3,0))>(_xlfn.XLOOKUP(1,AT27:AT31,AV27:AV31,"",0,1)*VLOOKUP((_xlfn.XLOOKUP(1,AT27:AT31,AW27:AW31,"",0,1)),tab_fator[],3,0)),"Pronto","Esperar") -> Esperar
A33: ba | B33: =B32+1 -> 32 | C33: =C32*1000 -> 1e+93 | D33: =LEN(TEXT(C33,0)) -> 94 | F33: 500 | H33: Por tempo
A34: bb | B34: =B33+1 -> 33 | C34: =C33*1000 -> 1e+96 | D34: =LEN(TEXT(C34,0)) -> 97 | F34: 1000 | H34: Por tempo | AJ34: Dinheiro da Aurora
A35: bc | B35: =B34+1 -> 34 | C35: =C34*1000 -> 1e+99 | D35: =LEN(TEXT(C35,0)) -> 100 | F35: 4000 | H35: Por tempo | M35: Dinheiro da Aurora | AJ35: Mina | AK35: Prestigo | AL35: GAP | AM35: Verificação | AN35: Valor OffLine | AT35: Próximo Prestigio
A36: bd | B36: =B35+1 -> 35 | C36: =C35*1000 -> 1e+102 | D36: =LEN(TEXT(C36,0)) -> 103 | F36: 5000 | H36: Por tempo | M36: Mina | N36: Armazem | P36: Armazem Valor | Q36: Elevador | S36: Elevador Valor | T36: Extração | V36: Extração Valor | W36: Ordem | Y36: Valor | Z36: ColsAjust | AA36: ColFator | AB36: AjsuteCol | AC36: Coluna | AD36: Linha | AE36: Valor Mínimo | AH36: Verificação | AK36: Atual | AN36: Ordem | AP36: Valor | AQ36: Multip. | AR36: Repre. | AT36: Ordem | AU36: Valor Real | AV36: Valor | AW36: Multip.
A37: be | B37: =B36+1 -> 36 | C37: =C36*1000 -> 1e+105 | D37: =LEN(TEXT(C37,0)) -> 106 | M37: Heliodoro | N37: 1.09 | O37: aw | P37: =N37*(VLOOKUP(O37,tab_fator[],3,0)) -> 1.09e+81 | Q37: 1.11 | R37: aw | S37: =Q37*(VLOOKUP(R37,tab_fator[],3,0)) -> 1.11e+81 | T37: 1.03 | U37: aw | V37: =T37*(VLOOKUP(U37,tab_fator[],3,0)) -> 1.03e+81 | W37: =_xlfn.RANK.EQ(V37,$V37:$V41) -> 1 | Y37: =MIN(V37,S37,P37) -> 1.03e+81 | Z37: =MATCH(Y37,M37:V37,0) -> 10 | AA37: =COLUMN($L$1) -> 12 | AB37: 2 | AC37: =Z37+AA37-AB37 -> 20 | AD37: =ROW(X37) -> 37 | AE37: {=INDIRECT(ADDRESS(AD37,AC37,1,1))} -> 1.03 | AF37: {=INDIRECT(ADDRESS(AD37,AC37+1,1,1))} -> aw | AH37: =IF(AND(V37<S37,V37<P37),"Equilibrado","Ver") -> Equilibrado | AJ37: Heliodoro | AK37: 5 | AL37: =VLOOKUP($I$13,tab_fator[],2,0)-VLOOKUP(AQ37,tab_fator[],2,0) -> 2 | AM37: =IF(AN37+AT37=6,"Equilibrado","Ver") -> Equilibrado | AN37: =_xlfn.RANK.EQ(AO37,AO37:AO41) -> 1 | AO37: =AP37*(VLOOKUP(AQ37,tab_fator[],3,0)) -> 6.08e+81 | AP37: ='Transformação-Normal'!Q28 -> 6.08 | AQ37: ='Transformação-Normal'!R28 -> aw | AR37: =AO37/SUM(AO37:AO41) -> 0.42783759 | AS37: =(AP37*VLOOKUP(AQ37,tab_fator[],3,0))+ (AP38*VLOOKUP(AQ38,tab_fator[],3,0))+ (AP39*VLOOKUP(AQ39,tab_fator[],3,0))+ (AP40*VLOOKUP(AQ40,tab_fator[],3,0))+ (AP41*VLOOKUP(AQ41,tab_fator[],3,0)) -> 1.4211e+82 | AT37: =_xlfn.RANK.EQ(AU37,$AU$37:$AU$41,1) -> 5 | AU37: =AV37*(VLOOKUP(AW37,tab_fator[],3,0)) -> 8.26e+100 | AV37: 82.6 | AW37: bc
A38: bf | B38: =B37+1 -> 37 | C38: =C37*1000 -> 1e+108 | D38: =LEN(TEXT(C38,0)) -> 109 | F38: Soma Off | G38: =SUMIF(G23:G36,"S",F23:F36)+4 -> 20 | M38: Realgar | N38: 32.4 | O38: av | P38: =N38*(VLOOKUP(O38,tab_fator[],3,0)) -> 3.24e+79 | Q38: 32.6 | R38: av | S38: =Q38*(VLOOKUP(R38,tab_fator[],3,0)) -> 3.26e+79 | T38: 31.9 | U38: av | V38: =T38*(VLOOKUP(U38,tab_fator[],3,0)) -> 3.19e+79 | W38: =_xlfn.RANK.EQ(V38,$V37:$V41) -> 5 | Y38: =MIN(V38,S38,P38) -> 3.19e+79 | Z38: =MATCH(Y38,M38:V38,0) -> 10 | AA38: =COLUMN($L$1) -> 12 | AB38: 2 | AC38: =Z38+AA38-AB38 -> 20 | AD38: =ROW(X38) -> 38 | AE38: {=INDIRECT(ADDRESS(AD38,AC38,1,1))} -> 31.9 | AF38: {=INDIRECT(ADDRESS(AD38,AC38+1,1,1))} -> av | AH38: =IF(AND(V38<S38,V38<P38),"Equilibrado","Ver") -> Equilibrado | AJ38: Realgar | AK38: 4 | AL38: =VLOOKUP($I$13,tab_fator[],2,0)-VLOOKUP(AQ38,tab_fator[],2,0) -> 3 | AM38: =IF(AN38+AT38=6,"Equilibrado","Ver") -> Equilibrado | AN38: =_xlfn.RANK.EQ(AO38,AO37:AO41) -> 5 | AO38: =AP38*(VLOOKUP(AQ38,tab_fator[],3,0)) -> 1.88e+80 | AP38: ='Transformação-Normal'!Q29 -> 188 | AQ38: ='Transformação-Normal'!R29 -> av | AR38: =AO38/SUM(AO37:AO41) -> 0.013229189 | AS38: =_xlfn.XLOOKUP((LEN(TEXT(AS37,0))),tab_fator[Dgts],tab_fator[Fator],"errro",-1,1) -> aw | AT38: =_xlfn.RANK.EQ(AU38,$AU$37:$AU$41,1) -> 1 | AU38: =AV38*(VLOOKUP(AW38,tab_fator[],3,0)) -> 1.51e+88 | AV38: 15.1 | AW38: ay
A39: bg | B39: =B38+1 -> 38 | C39: =C38*1000 -> 1e+111 | D39: =LEN(TEXT(C39,0)) -> 112 | F39: Buster Anuncio | G39: 2.95 | M39: Alexandrita | N39: 289 | O39: av | P39: =N39*(VLOOKUP(O39,tab_fator[],3,0)) -> 2.89e+80 | Q39: 681 | R39: av | S39: =Q39*(VLOOKUP(R39,tab_fator[],3,0)) -> 6.81e+80 | T39: 282 | U39: av | V39: =T39*(VLOOKUP(U39,tab_fator[],3,0)) -> 2.82e+80 | W39: =_xlfn.RANK.EQ(V39,$V37:$V41) -> 3 | Y39: =MIN(V39,S39,P39) -> 2.82e+80 | Z39: =MATCH(Y39,M39:V39,0) -> 10 | AA39: =COLUMN($L$1) -> 12 | AB39: 2 | AC39: =Z39+AA39-AB39 -> 20 | AD39: =ROW(X39) -> 39 | AE39: {=INDIRECT(ADDRESS(AD39,AC39,1,1))} -> 282 | AF39: {=INDIRECT(ADDRESS(AD39,AC39+1,1,1))} -> av | AH39: =IF(AND(V39<S39,V39<P39),"Equilibrado","Ver") -> Equilibrado | AJ39: Alexandrita | AK39: 4 | AL39: =VLOOKUP($I$13,tab_fator[],2,0)-VLOOKUP(AQ39,tab_fator[],2,0) -> 2 | AM39: =IF(AN39+AT39=6,"Equilibrado","Ver") -> Equilibrado | AN39: =_xlfn.RANK.EQ(AO39,AO37:AO41) -> 3 | AO39: =AP39*(VLOOKUP(AQ39,tab_fator[],3,0)) -> 1.66e+81 | AP39: ='Transformação-Normal'!Q30 -> 1.66 | AQ39: ='Transformação-Normal'!R30 -> aw | AR39: =AO39/SUM(AO37:AO41) -> 0.11681092 | AS39: =VLOOKUP(AS38,tab_fator[],3,0) -> 1e+81 | AT39: =_xlfn.RANK.EQ(AU39,$AU$37:$AU$41,1) -> 3 | AU39: =AV39*(VLOOKUP(AW39,tab_fator[],3,0)) -> 1.4e+91 | AV39: 14 | AW39: az
A40: bh | B40: =B39+1 -> 39 | C40: =C39*1000 -> 1e+114 | D40: =LEN(TEXT(C40,0)) -> 115 | M40: Celestina | N40: 46.5 | O40: av | P40: =N40*(VLOOKUP(O40,tab_fator[],3,0)) -> 4.65e+79 | Q40: 46.9 | R40: av | S40: =Q40*(VLOOKUP(R40,tab_fator[],3,0)) -> 4.69e+79 | T40: 44.6 | U40: av | V40: =T40*(VLOOKUP(U40,tab_fator[],3,0)) -> 4.46e+79 | W40: =_xlfn.RANK.EQ(V40,$V37:$V41) -> 4 | Y40: =MIN(V40,S40,P40) -> 4.46e+79 | Z40: =MATCH(Y40,M40:V40,0) -> 10 | AA40: =COLUMN($L$1) -> 12 | AB40: 2 | AC40: =Z40+AA40-AB40 -> 20 | AD40: =ROW(X40) -> 40 | AE40: {=INDIRECT(ADDRESS(AD40,AC40,1,1))} -> 44.6 | AF40: {=INDIRECT(ADDRESS(AD40,AC40+1,1,1))} -> av | AH40: =IF(AND(V40<S40,V40<P40),"Equilibrado","Ver") -> Equilibrado | AJ40: Celestina | AK40: 3 | AL40: =VLOOKUP($I$13,tab_fator[],2,0)-VLOOKUP(AQ40,tab_fator[],2,0) -> 3 | AM40: =IF(AN40+AT40=6,"Equilibrado","Ver") -> Equilibrado | AN40: =_xlfn.RANK.EQ(AO40,AO37:AO41) -> 4 | AO40: =AP40*(VLOOKUP(AQ40,tab_fator[],3,0)) -> 2.63e+80 | AP40: ='Transformação-Normal'!Q31 -> 263 | AQ40: ='Transformação-Normal'!R31 -> av | AR40: =AO40/SUM(AO37:AO41) -> 0.018506791 | AT40: =_xlfn.RANK.EQ(AU40,$AU$37:$AU$41,1) -> 2 | AU40: =AV40*(VLOOKUP(AW40,tab_fator[],3,0)) -> 6.28e+89 | AV40: 628 | AW40: ay
A41: bi | B41: =B40+1 -> 40 | C41: =C40*1000 -> 1e+117 | D41: =LEN(TEXT(C41,0)) -> 118 | M41: Titanita | N41: 1.24 | O41: aw | P41: =N41*(VLOOKUP(O41,tab_fator[],3,0)) -> 1.24e+81 | Q41: 1.08 | R41: aw | S41: =Q41*(VLOOKUP(R41,tab_fator[],3,0)) -> 1.08e+81 | T41: 1.02 | U41: aw | V41: =T41*(VLOOKUP(U41,tab_fator[],3,0)) -> 1.02e+81 | W41: =_xlfn.RANK.EQ(V41,$V37:$V41) -> 2 | Y41: =MIN(V41,S41,P41) -> 1.02e+81 | Z41: =MATCH(Y41,M41:V41,0) -> 10 | AA41: =COLUMN($L$1) -> 12 | AB41: 2 | AC41: =Z41+AA41-AB41 -> 20 | AD41: =ROW(X41) -> 41 | AE41: {=INDIRECT(ADDRESS(AD41,AC41,1,1))} -> 1.02 | AF41: {=INDIRECT(ADDRESS(AD41,AC41+1,1,1))} -> aw | AH41: =IF(AND(V41<S41,V41<P41),"Equilibrado","Ver") -> Equilibrado | AJ41: Titanita | AK41: 3 | AL41: =VLOOKUP($I$13,tab_fator[],2,0)-VLOOKUP(AQ41,tab_fator[],2,0) -> 2 | AM41: =IF(AN41+AT41=6,"Equilibrado","Ver") -> Equilibrado | AN41: =_xlfn.RANK.EQ(AO41,AO37:AO41) -> 2 | AO41: =AP41*(VLOOKUP(AQ41,tab_fator[],3,0)) -> 6.02e+81 | AP41: ='Transformação-Normal'!Q32 -> 6.02 | AQ41: ='Transformação-Normal'!R32 -> aw | AR41: =AO41/SUM(AO37:AO41) -> 0.42361551 | AT41: =_xlfn.RANK.EQ(AU41,$AU$37:$AU$41,1) -> 4 | AU41: =AV41*(VLOOKUP(AW41,tab_fator[],3,0)) -> 4.32e+94 | AV41: 43.2 | AW41: ba
A42: bj | B42: =B41+1 -> 41 | C42: =C41*1000 -> 1e+120 | D42: =LEN(TEXT(C42,0)) -> 121 | AJ42: Total | AK42: =CONCATENATE(SUM(AK37:AK41)," / ",6*5) -> 19 / 30 | AP42: =IF(AS37/AS39<10,(TEXT(AS37/AS39,"#,##")),IF(AS37/AS39<100,TEXT(AS37/AS39,"##,#"),TEXT(AS37/AS39,"###"))) -> 14,2 | AQ42: =AS38 -> aw | AT42: =IF((AP42*VLOOKUP(AQ42,tab_fator[],3,0))>(_xlfn.XLOOKUP(1,AT37:AT41,AV37:AV41,"",0,1)*VLOOKUP((_xlfn.XLOOKUP(1,AT37:AT41,AW37:AW41,"",0,1)),tab_fator[],3,0)),"Pronto","Esperar") -> Esperar
A43: bk | B43: =B42+1 -> 42 | C43: =C42*1000 -> 1e+123 | D43: =LEN(TEXT(C43,0)) -> 124
A44: bl | B44: =B43+1 -> 43 | C44: =C43*1000 -> 1e+126 | D44: =LEN(TEXT(C44,0)) -> 127 | AJ44: Dinheiro do Crespúculo
A45: bm | B45: =B44+1 -> 44 | C45: =C44*1000 -> 1e+129 | D45: =LEN(TEXT(C45,0)) -> 130 | M45: Dinheiro do Crespúculo | AJ45: Mina | AK45: Prestigo | AL45: GAP | AM45: Verificação | AN45: Valor OffLine | AT45: Próximo Prestigio
A46: bn | B46: =B45+1 -> 45 | C46: =C45*1000 -> 1e+132 | D46: =LEN(TEXT(C46,0)) -> 133 | M46: Mina | N46: Armazem | P46: Armazem Valor | Q46: Elevador | S46: Elevador Valor | T46: Extração | V46: Extração Valor | W46: Ordem | Y46: Valor | Z46: ColsAjust | AA46: ColFator | AB46: AjsuteCol | AC46: Coluna | AD46: Linha | AE46: Valor Mínimo | AH46: Verificação | AK46: Atual | AN46: Ordem | AP46: Valor | AQ46: Multip. | AR46: Repre. | AT46: Ordem | AU46: Valor Real | AV46: Valor | AW46: Multip.
A47: bo | B47: =B46+1 -> 46 | C47: =C46*1000 -> 1e+135 | D47: =LEN(TEXT(C47,0)) -> 136 | M47: Fluorita | N47: 1.84 | O47: au | P47: =N47*(VLOOKUP(O47,tab_fator[],3,0)) -> 1.84e+75 | Q47: 1.83 | R47: au | S47: =Q47*(VLOOKUP(R47,tab_fator[],3,0)) -> 1.83e+75 | T47: 1.63 | U47: au | V47: =T47*(VLOOKUP(U47,tab_fator[],3,0)) -> 1.63e+75 | W47: =_xlfn.RANK.EQ(V47,$V47:$V51) -> 5 | Y47: =MIN(V47,S47,P47) -> 1.63e+75 | Z47: =MATCH(Y47,M47:V47,0) -> 10 | AA47: =COLUMN($L$1) -> 12 | AB47: 2 | AC47: =Z47+AA47-AB47 -> 20 | AD47: =ROW(X47) -> 47 | AE47: {=INDIRECT(ADDRESS(AD47,AC47,1,1))} -> 1.63 | AF47: {=INDIRECT(ADDRESS(AD47,AC47+1,1,1))} -> au | AH47: =IF(AND(V47<S47,V47<P47),"Equilibrado","Ver") -> Equilibrado | AJ47: Fluorita | AK47: 4 | AL47: =VLOOKUP($I$14,tab_fator[],2,0)-VLOOKUP(AQ47,tab_fator[],2,0) -> 3 | AM47: =IF(AN47+AT47=6,"Equilibrado","Ver") -> Equilibrado | AN47: =_xlfn.RANK.EQ(AO47,AO47:AO51) -> 5 | AO47: =AP47*(VLOOKUP(AQ47,tab_fator[],3,0)) -> 9.62e+75 | AP47: ='Transformação-Normal'!Q35 -> 9.62 | AQ47: ='Transformação-Normal'!R35 -> au | AR47: =AO47/SUM(AO47:AO51) -> 0.0043554638 | AS47: =(AP47*VLOOKUP(AQ47,tab_fator[],3,0))+ (AP48*VLOOKUP(AQ48,tab_fator[],3,0))+ (AP49*VLOOKUP(AQ49,tab_fator[],3,0))+ (AP50*VLOOKUP(AQ50,tab_fator[],3,0))+ (AP51*VLOOKUP(AQ51,tab_fator[],3,0)) -> 2.20872e+78 | AT47: =_xlfn.RANK.EQ(AU47,$AU$47:$AU$51,1) -> 1 | AU47: =AV47*(VLOOKUP(AW47,tab_fator[],3,0)) -> 1.19e+85 | AV47: 11.9 | AW47: ax
A48: bp | B48: =B47+1 -> 47 | C48: =C47*1000 -> 1e+138 | D48: =LEN(TEXT(C48,0)) -> 139 | M48: Quartzo | N48: 6.86 | O48: au | P48: =N48*(VLOOKUP(O48,tab_fator[],3,0)) -> 6.86e+75 | Q48: 6.95 | R48: au | S48: =Q48*(VLOOKUP(R48,tab_fator[],3,0)) -> 6.95e+75 | T48: 6.63 | U48: au | V48: =T48*(VLOOKUP(U48,tab_fator[],3,0)) -> 6.63e+75 | W48: =_xlfn.RANK.EQ(V48,$V47:$V51) -> 4 | Y48: =MIN(V48,S48,P48) -> 6.63e+75 | Z48: =MATCH(Y48,M48:V48,0) -> 10 | AA48: =COLUMN($L$1) -> 12 | AB48: 2 | AC48: =Z48+AA48-AB48 -> 20 | AD48: =ROW(X48) -> 48 | AE48: {=INDIRECT(ADDRESS(AD48,AC48,1,1))} -> 6.63 | AF48: {=INDIRECT(ADDRESS(AD48,AC48+1,1,1))} -> au | AH48: =IF(AND(V48<S48,V48<P48),"Equilibrado","Ver") -> Equilibrado | AJ48: Quartzo | AK48: 3 | AL48: =VLOOKUP($I$14,tab_fator[],2,0)-VLOOKUP(AQ48,tab_fator[],2,0) -> 3 | AM48: =IF(AN48+AT48=6,"Equilibrado","Ver") -> Equilibrado | AN48: =_xlfn.RANK.EQ(AO48,AO47:AO51) -> 4 | AO48: =AP48*(VLOOKUP(AQ48,tab_fator[],3,0)) -> 3.91e+76 | AP48: ='Transformação-Normal'!Q36 -> 39.1 | AQ48: ='Transformação-Normal'!R36 -> au | AR48: =AO48/SUM(AO47:AO51) -> 0.017702561 | AS48: =_xlfn.XLOOKUP((LEN(TEXT(AS47,0))),tab_fator[Dgts],tab_fator[Fator],"errro",-1,1) -> av | AT48: =_xlfn.RANK.EQ(AU48,$AU$47:$AU$51,1) -> 2 | AU48: =AV48*(VLOOKUP(AW48,tab_fator[],3,0)) -> 2.7e+87 | AV48: 2.7 | AW48: ay
A49: bq | B49: =B48+1 -> 48 | C49: =C48*1000 -> 1e+141 | D49: =LEN(TEXT(C49,0)) -> 142 | M49: Argonita | N49: 120 | O49: au | P49: =N49*(VLOOKUP(O49,tab_fator[],3,0)) -> 1.2e+77 | Q49: 124 | R49: au | S49: =Q49*(VLOOKUP(R49,tab_fator[],3,0)) -> 1.24e+77 | T49: 113 | U49: au | V49: =T49*(VLOOKUP(U49,tab_fator[],3,0)) -> 1.13e+77 | W49: =_xlfn.RANK.EQ(V49,$V47:$V51) -> 2 | Y49: =MIN(V49,S49,P49) -> 1.13e+77 | Z49: =MATCH(Y49,M49:V49,0) -> 10 | AA49: =COLUMN($L$1) -> 12 | AB49: 2 | AC49: =Z49+AA49-AB49 -> 20 | AD49: =ROW(X49) -> 49 | AE49: {=INDIRECT(ADDRESS(AD49,AC49,1,1))} -> 113 | AF49: {=INDIRECT(ADDRESS(AD49,AC49+1,1,1))} -> au | AH49: =IF(AND(V49<S49,V49<P49),"Equilibrado","Ver") -> Equilibrado | AJ49: Argonita | AK49: 3 | AL49: =VLOOKUP($I$14,tab_fator[],2,0)-VLOOKUP(AQ49,tab_fator[],2,0) -> 3 | AM49: =IF(AN49+AT49=6,"Equilibrado","Ver") -> Equilibrado | AN49: =_xlfn.RANK.EQ(AO49,AO47:AO51) -> 2 | AO49: =AP49*(VLOOKUP(AQ49,tab_fator[],3,0)) -> 6.67e+77 | AP49: ='Transformação-Normal'!Q37 -> 667 | AQ49: ='Transformação-Normal'!R37 -> au | AR49: =AO49/SUM(AO47:AO51) -> 0.30198486 | AS49: =VLOOKUP(AS48,tab_fator[],3,0) -> 1e+78 | AT49: =_xlfn.RANK.EQ(AU49,$AU$47:$AU$51,1) -> 4 | AU49: =AV49*(VLOOKUP(AW49,tab_fator[],3,0)) -> 9.72e+91 | AV49: 97.2 | AW49: az
A50: br | B50: =B49+1 -> 49 | C50: =C49*1000 -> 1e+144 | D50: =LEN(TEXT(C50,0)) -> 145 | M50: Berilo | N50: 161 | O50: au | P50: =N50*(VLOOKUP(O50,tab_fator[],3,0)) -> 1.61e+77 | Q50: 153 | R50: au | S50: =Q50*(VLOOKUP(R50,tab_fator[],3,0)) -> 1.53e+77 | T50: 151 | U50: au | V50: =T50*(VLOOKUP(U50,tab_fator[],3,0)) -> 1.51e+77 | W50: =_xlfn.RANK.EQ(V50,$V47:$V51) -> 1 | Y50: =MIN(V50,S50,P50) -> 1.51e+77 | Z50: =MATCH(Y50,M50:V50,0) -> 10 | AA50: =COLUMN($L$1) -> 12 | AB50: 2 | AC50: =Z50+AA50-AB50 -> 20 | AD50: =ROW(X50) -> 50 | AE50: {=INDIRECT(ADDRESS(AD50,AC50,1,1))} -> 151 | AF50: {=INDIRECT(ADDRESS(AD50,AC50+1,1,1))} -> au | AH50: =IF(AND(V50<S50,V50<P50),"Equilibrado","Ver") -> Equilibrado | AJ50: Berilo | AK50: 3 | AL50: =VLOOKUP($I$14,tab_fator[],2,0)-VLOOKUP(AQ50,tab_fator[],2,0) -> 3 | AM50: =IF(AN50+AT50=6,"Equilibrado","Ver") -> Equilibrado | AN50: =_xlfn.RANK.EQ(AO50,AO47:AO51) -> 1 | AO50: =AP50*(VLOOKUP(AQ50,tab_fator[],3,0)) -> 8.91e+77 | AP50: ='Transformação-Normal'!Q38 -> 891 | AQ50: ='Transformação-Normal'!R38 -> au | AR50: =AO50/SUM(AO47:AO51) -> 0.40340106 | AT50: =_xlfn.RANK.EQ(AU50,$AU$47:$AU$51,1) -> 5 | AU50: =AV50*(VLOOKUP(AW50,tab_fator[],3,0)) -> 3.62e+94 | AV50: 36.2 | AW50: ba
A51: bs | B51: =B50+1 -> 50 | C51: =C50*1000 -> 1e+147 | D51: =LEN(TEXT(C51,0)) -> 148 | M51: Calcita | N51: 107 | O51: au | P51: =N51*(VLOOKUP(O51,tab_fator[],3,0)) -> 1.07e+77 | Q51: 111 | R51: au | S51: =Q51*(VLOOKUP(R51,tab_fator[],3,0)) -> 1.11e+77 | T51: 102 | U51: au | V51: =T51*(VLOOKUP(U51,tab_fator[],3,0)) -> 1.02e+77 | W51: =_xlfn.RANK.EQ(V51,$V47:$V51) -> 3 | Y51: =MIN(V51,S51,P51) -> 1.02e+77 | Z51: =MATCH(Y51,M51:V51,0) -> 10 | AA51: =COLUMN($L$1) -> 12 | AB51: 2 | AC51: =Z51+AA51-AB51 -> 20 | AD51: =ROW(X51) -> 51 | AE51: {=INDIRECT(ADDRESS(AD51,AC51,1,1))} -> 102 | AF51: {=INDIRECT(ADDRESS(AD51,AC51+1,1,1))} -> au | AH51: =IF(AND(V51<S51,V51<P51),"Equilibrado","Ver") -> Equilibrado | AJ51: Calcita | AK51: 2 | AL51: =VLOOKUP($I$14,tab_fator[],2,0)-VLOOKUP(AQ51,tab_fator[],2,0) -> 3 | AM51: =IF(AN51+AT51=6,"Equilibrado","Ver") -> Equilibrado | AN51: =_xlfn.RANK.EQ(AO51,AO47:AO51) -> 3 | AO51: =AP51*(VLOOKUP(AQ51,tab_fator[],3,0)) -> 6.02e+77 | AP51: ='Transformação-Normal'!Q39 -> 602 | AQ51: ='Transformação-Normal'!R39 -> au | AR51: =AO51/SUM(AO47:AO51) -> 0.27255605 | AT51: =_xlfn.RANK.EQ(AU51,$AU$47:$AU$51,1) -> 3 | AU51: =AV51*(VLOOKUP(AW51,tab_fator[],3,0)) -> 3.35e+89 | AV51: 335 | AW51: ay
A52: bt | B52: =B51+1 -> 51 | C52: =C51*1000 -> 1e+150 | D52: =LEN(TEXT(C52,0)) -> 151 | AJ52: Total | AK52: =CONCATENATE(SUM(AK47:AK51)," / ",6*5) -> 15 / 30 | AP52: =IF(AS47/AS49<10,(TEXT(AS47/AS49,"#,##")),IF(AS47/AS49<100,TEXT(AS47/AS49,"##,#"),TEXT(AS47/AS49,"###"))) -> 2,21 | AQ52: =AS48 -> av | AT52: =IF((AP52*VLOOKUP(AQ52,tab_fator[],3,0))>(_xlfn.XLOOKUP(1,AT47:AT51,AV47:AV51,"",0,1)*VLOOKUP((_xlfn.XLOOKUP(1,AT47:AT51,AW47:AW51,"",0,1)),tab_fator[],3,0)),"Pronto","Esperar") -> Esperar
A53: bu | B53: =B52+1 -> 52 | C53: =C52*1000 -> 1e+153 | D53: =LEN(TEXT(C53,0)) -> 154
A54: bv | B54: =B53+1 -> 53 | C54: =C53*1000 -> 1e+156 | D54: =LEN(TEXT(C54,0)) -> 157 | AJ54: Dinheiro do Antigo
A55: bw | B55: =B54+1 -> 54 | C55: =C54*1000 -> 1e+159 | D55: =LEN(TEXT(C55,0)) -> 160 | M55: Dinheiro do Antigo | AJ55: Mina | AK55: Prestigo | AL55: GAP | AM55: Verificação | AN55: Valor OffLine | AT55: Próximo Prestigio
A56: bx | B56: =B55+1 -> 55 | C56: =C55*1000 -> 1e+162 | D56: =LEN(TEXT(C56,0)) -> 163 | M56: Mina | N56: Armazem | P56: Armazem Valor | Q56: Elevador | S56: Elevador Valor | T56: Extração | V56: Extração Valor | W56: Ordem | Y56: Valor | Z56: ColsAjust | AA56: ColFator | AB56: AjsuteCol | AC56: Coluna | AD56: Linha | AE56: Valor Mínimo | AH56: Verificação | AK56: Atual | AN56: Ordem | AP56: Valor | AQ56: Multip. | AR56: Repre. | AT56: Ordem | AU56: Valor Real | AV56: Valor | AW56: Multip.
A57: by | B57: =B56+1 -> 56 | C57: =C56*1000 -> 1e+165 | D57: =LEN(TEXT(C57,0)) -> 166 | M57: Água-Marinha | N57: 2.38 | O57: au | P57: =N57*(VLOOKUP(O57,tab_fator[],3,0)) -> 2.38e+75 | Q57: 2.15 | R57: au | S57: =Q57*(VLOOKUP(R57,tab_fator[],3,0)) -> 2.15e+75 | T57: 2.09 | U57: au | V57: =T57*(VLOOKUP(U57,tab_fator[],3,0)) -> 2.09e+75 | W57: =_xlfn.RANK.EQ(V57,$V57:$V61) -> 3 | Y57: =MIN(V57,S57,P57) -> 2.09e+75 | Z57: =MATCH(Y57,M57:V57,0) -> 10 | AA57: =COLUMN($L$1) -> 12 | AB57: 2 | AC57: =Z57+AA57-AB57 -> 20 | AD57: =ROW(X57) -> 57 | AE57: {=INDIRECT(ADDRESS(AD57,AC57,1,1))} -> 2.09 | AF57: {=INDIRECT(ADDRESS(AD57,AC57+1,1,1))} -> au | AH57: =IF(AND(V57<S57,V57<P57),"Equilibrado","Ver") -> Equilibrado | AJ57: Água-Marinha | AK57: 4 | AL57: =VLOOKUP($I$15,tab_fator[],2,0)-VLOOKUP(AQ57,tab_fator[],2,0) -> 2 | AM57: =IF(AN57+AT57=6,"Equilibrado","Ver") -> Ver | AN57: =_xlfn.RANK.EQ(AO57,AO57:AO61) -> 3 | AO57: =AP57*(VLOOKUP(AQ57,tab_fator[],3,0)) -> 1.23e+76 | AP57: ='Transformação-Normal'!Q42 -> 12.3 | AQ57: ='Transformação-Normal'!R42 -> au | AR57: =AO57/SUM(AO57:AO61) -> 0.13420622 | AS57: =(AP57*VLOOKUP(AQ57,tab_fator[],3,0))+ (AP58*VLOOKUP(AQ58,tab_fator[],3,0))+ (AP59*VLOOKUP(AQ59,tab_fator[],3,0))+ (AP60*VLOOKUP(AQ60,tab_fator[],3,0))+ (AP61*VLOOKUP(AQ61,tab_fator[],3,0)) -> 9.165e+76 | AT57: =_xlfn.RANK.EQ(AU57,$AU$57:$AU$61,1) -> 2 | AU57: =AV57*(VLOOKUP(AW57,tab_fator[],3,0)) -> 3.94e+85 | AV57: 39.4 | AW57: ax
A58: bz | B58: =B57+1 -> 57 | C58: =C57*1000 -> 1e+168 | D58: =LEN(TEXT(C58,0)) -> 169 | M58: Amolita | N58: 2.8 | O58: au | P58: =N58*(VLOOKUP(O58,tab_fator[],3,0)) -> 2.8e+75 | Q58: 2.91 | R58: au | S58: =Q58*(VLOOKUP(R58,tab_fator[],3,0)) -> 2.91e+75 | T58: 2.55 | U58: au | V58: =T58*(VLOOKUP(U58,tab_fator[],3,0)) -> 2.55e+75 | W58: =_xlfn.RANK.EQ(V58,$V57:$V61) -> 2 | Y58: =MIN(V58,S58,P58) -> 2.55e+75 | Z58: =MATCH(Y58,M58:V58,0) -> 10 | AA58: =COLUMN($L$1) -> 12 | AB58: 2 | AC58: =Z58+AA58-AB58 -> 20 | AD58: =ROW(X58) -> 58 | AE58: {=INDIRECT(ADDRESS(AD58,AC58,1,1))} -> 2.55 | AF58: {=INDIRECT(ADDRESS(AD58,AC58+1,1,1))} -> au | AH58: =IF(AND(V58<S58,V58<P58),"Equilibrado","Ver") -> Equilibrado | AJ58: Amolita | AK58: 3 | AL58: =VLOOKUP($I$15,tab_fator[],2,0)-VLOOKUP(AQ58,tab_fator[],2,0) -> 2 | AM58: =IF(AN58+AT58=6,"Equilibrado","Ver") -> Ver | AN58: =_xlfn.RANK.EQ(AO58,AO57:AO61) -> 2 | AO58: =AP58*(VLOOKUP(AQ58,tab_fator[],3,0)) -> 1.5e+76 | AP58: ='Transformação-Normal'!Q43 -> 15 | AQ58: ='Transformação-Normal'!R43 -> au | AR58: =AO58/SUM(AO57:AO61) -> 0.16366612 | AS58: =_xlfn.XLOOKUP((LEN(TEXT(AS57,0))),tab_fator[Dgts],tab_fator[Fator],"errro",-1,1) -> au | AT58: =_xlfn.RANK.EQ(AU58,$AU$57:$AU$61,1) -> 3 | AU58: =AV58*(VLOOKUP(AW58,tab_fator[],3,0)) -> 5.29e+87 | AV58: 5.29 | AW58: ay
M59: Azurita | N59: 645 | O59: ar | P59: =N59*(VLOOKUP(O59,tab_fator[],3,0)) -> 6.45e+68 | Q59: 612 | R59: ar | S59: =Q59*(VLOOKUP(R59,tab_fator[],3,0)) -> 6.12e+68 | T59: 56.1 | U59: aq | V59: =T59*(VLOOKUP(U59,tab_fator[],3,0)) -> 5.61e+64 | W59: =_xlfn.RANK.EQ(V59,$V57:$V61) -> 5 | Y59: =MIN(V59,S59,P59) -> 5.61e+64 | Z59: =MATCH(Y59,M59:V59,0) -> 10 | AA59: =COLUMN($L$1) -> 12 | AB59: 2 | AC59: =Z59+AA59-AB59 -> 20 | AD59: =ROW(X59) -> 59 | AE59: {=INDIRECT(ADDRESS(AD59,AC59,1,1))} -> 56.1 | AF59: {=INDIRECT(ADDRESS(AD59,AC59+1,1,1))} -> aq | AH59: =IF(AND(V59<S59,V59<P59),"Equilibrado","Ver") -> Equilibrado | AJ59: Azurita | AK59: 3 | AL59: =VLOOKUP($I$15,tab_fator[],2,0)-VLOOKUP(AQ59,tab_fator[],2,0) -> 6 | AM59: =IF(AN59+AT59=6,"Equilibrado","Ver") -> Ver | AN59: =_xlfn.RANK.EQ(AO59,AO57:AO61) -> 5 | AO59: =AP59*(VLOOKUP(AQ59,tab_fator[],3,0)) -> 3.31e+65 | AP59: ='Transformação-Normal'!Q44 -> 331 | AQ59: ='Transformação-Normal'!R44 -> aq | AR59: =AO59/SUM(AO57:AO61) -> 3.6115657e-12 | AS59: =VLOOKUP(AS58,tab_fator[],3,0) -> 1e+75 | AT59: =_xlfn.RANK.EQ(AU59,$AU$57:$AU$61,1) -> 5 | AU59: =AV59*(VLOOKUP(AW59,tab_fator[],3,0)) -> 3.83e+92 | AV59: 383 | AW59: az
M60: Pérola | N60: 1.27 | O60: au | P60: =N60*(VLOOKUP(O60,tab_fator[],3,0)) -> 1.27e+75 | Q60: 1.01 | R60: au | S60: =Q60*(VLOOKUP(R60,tab_fator[],3,0)) -> 1.01e+75 | T60: 805 | U60: at | V60: =T60*(VLOOKUP(U60,tab_fator[],3,0)) -> 8.05e+74 | W60: =_xlfn.RANK.EQ(V60,$V57:$V61) -> 4 | Y60: =MIN(V60,S60,P60) -> 8.05e+74 | Z60: =MATCH(Y60,M60:V60,0) -> 10 | AA60: =COLUMN($L$1) -> 12 | AB60: 2 | AC60: =Z60+AA60-AB60 -> 20 | AD60: =ROW(X60) -> 60 | AE60: {=INDIRECT(ADDRESS(AD60,AC60,1,1))} -> 805 | AF60: {=INDIRECT(ADDRESS(AD60,AC60+1,1,1))} -> at | AH60: =IF(AND(V60<S60,V60<P60),"Equilibrado","Ver") -> Equilibrado | AJ60: Pérola | AK60: 2 | AL60: =VLOOKUP($I$15,tab_fator[],2,0)-VLOOKUP(AQ60,tab_fator[],2,0) -> 2 | AM60: =IF(AN60+AT60=6,"Equilibrado","Ver") -> Ver | AN60: =_xlfn.RANK.EQ(AO60,AO57:AO61) -> 4 | AO60: =AP60*(VLOOKUP(AQ60,tab_fator[],3,0)) -> 4.75e+75 | AP60: ='Transformação-Normal'!Q45 -> 4.75 | AQ60: ='Transformação-Normal'!R45 -> au | AR60: =AO60/SUM(AO57:AO61) -> 0.051827605 | AT60: =_xlfn.RANK.EQ(AU60,$AU$57:$AU$61,1) -> 1 | AU60: =AV60*(VLOOKUP(AW60,tab_fator[],3,0)) -> 4.32e+83 | AV60: 432 | AW60: aw
M61: Turquesa | N61: 10.1 | O61: au | P61: =N61*(VLOOKUP(O61,tab_fator[],3,0)) -> 1.01e+76 | Q61: 10.8 | R61: au | S61: =Q61*(VLOOKUP(R61,tab_fator[],3,0)) -> 1.08e+76 | T61: 12.2 | U61: au | V61: =T61*(VLOOKUP(U61,tab_fator[],3,0)) -> 1.22e+76 | W61: =_xlfn.RANK.EQ(V61,$V57:$V61) -> 1 | Y61: =MIN(V61,S61,P61) -> 1.01e+76 | Z61: =MATCH(Y61,M61:V61,0) -> 4 | AA61: =COLUMN($L$1) -> 12 | AB61: 2 | AC61: =Z61+AA61-AB61 -> 14 | AD61: =ROW(X61) -> 61 | AE61: {=INDIRECT(ADDRESS(AD61,AC61,1,1))} -> 10.1 | AF61: {=INDIRECT(ADDRESS(AD61,AC61+1,1,1))} -> au | AH61: =IF(AND(V61<S61,V61<P61),"Equilibrado","Ver") -> Ver | AJ61: Turquesa | AK61: 2 | AL61: =VLOOKUP($I$15,tab_fator[],2,0)-VLOOKUP(AQ61,tab_fator[],2,0) -> 2 | AM61: =IF(AN61+AT61=6,"Equilibrado","Ver") -> Ver | AN61: =_xlfn.RANK.EQ(AO61,AO57:AO61) -> 1 | AO61: =AP61*(VLOOKUP(AQ61,tab_fator[],3,0)) -> 5.96e+76 | AP61: ='Transformação-Normal'!Q46 -> 59.6 | AQ61: ='Transformação-Normal'!R46 -> au | AR61: =AO61/SUM(AO57:AO61) -> 0.65030005 | AT61: =_xlfn.RANK.EQ(AU61,$AU$57:$AU$61,1) -> 4 | AU61: =AV61*(VLOOKUP(AW61,tab_fator[],3,0)) -> 9.18e+89 | AV61: 918 | AW61: ay
AJ62: Total | AK62: =CONCATENATE(SUM(AK57:AK61)," / ",6*5) -> 14 / 30 | AP62: =IF(AS57/AS59<10,(TEXT(AS57/AS59,"#,##")),IF(AS57/AS59<100,TEXT(AS57/AS59,"##,#"),TEXT(AS57/AS59,"###"))) -> 91,7 | AQ62: =AS58 -> au | AT62: =IF((AP62*VLOOKUP(AQ62,tab_fator[],3,0))>(_xlfn.XLOOKUP(1,AT57:AT61,AV57:AV61,"",0,1)*VLOOKUP((_xlfn.XLOOKUP(1,AT57:AT61,AW57:AW61,"",0,1)),tab_fator[],3,0)),"Pronto","Esperar") -> Esperar
AJ64: Dinheiro do Deserto
M65: Dinheiro do Deserto | AJ65: Mina | AK65: Prestigo | AL65: GAP | AM65: Verificação | AN65: Valor OffLine | AT65: Próximo Prestigio
M66: Mina | N66: Armazem | P66: Armazem Valor | Q66: Elevador | S66: Elevador Valor | T66: Extração | V66: Extração Valor | W66: Ordem | Y66: Valor | Z66: ColsAjust | AA66: ColFator | AB66: AjsuteCol | AC66: Coluna | AD66: Linha | AE66: Valor Mínimo | AH66: Verificação | AK66: Atual | AN66: Ordem | AP66: Valor | AQ66: Multip. | AR66: Repre. | AT66: Ordem | AU66: Valor Real | AV66: Valor | AW66: Multip.
M67: Crisoberílio | N67: 1.47 | O67: au | P67: =N67*(VLOOKUP(O67,tab_fator[],3,0)) -> 1.47e+75 | Q67: 1.44 | R67: au | S67: =Q67*(VLOOKUP(R67,tab_fator[],3,0)) -> 1.44e+75 | T67: 1.4 | U67: au | V67: =T67*(VLOOKUP(U67,tab_fator[],3,0)) -> 1.4e+75 | W67: =_xlfn.RANK.EQ(V67,$V67:$V71) -> 5 | Y67: =MIN(V67,S67,P67) -> 1.4e+75 | Z67: =MATCH(Y67,M67:V67,0) -> 10 | AA67: =COLUMN($L$1) -> 12 | AB67: 2 | AC67: =Z67+AA67-AB67 -> 20 | AD67: =ROW(X67) -> 67 | AE67: {=INDIRECT(ADDRESS(AD67,AC67,1,1))} -> 1.4 | AF67: {=INDIRECT(ADDRESS(AD67,AC67+1,1,1))} -> au | AH67: =IF(AND(V67<S67,V67<P67),"Equilibrado","Ver") -> Equilibrado | AJ67: Crisoberílio | AK67: 4 | AL67: =VLOOKUP($I$16,tab_fator[],2,0)-VLOOKUP(AQ67,tab_fator[],2,0) -> 3 | AM67: =IF(AN67+AT67=6,"Equilibrado","Ver") -> Equilibrado | AN67: =IFERROR(_xlfn.RANK.EQ(AO67,AO67:AO71),"") -> 5 | AO67: =AP67*(VLOOKUP(AQ67,tab_fator[],3,0)) -> 8.26e+75 | AP67: ='Transformação-Normal'!Q49 -> 8.26 | AQ67: ='Transformação-Normal'!R49 -> au | AR67: =AO67/SUM(AO67:AO71) -> 0.00069667838 | AS67: =(AP67*VLOOKUP(AQ67,tab_fator[],3,0))+ (AP68*VLOOKUP(AQ68,tab_fator[],3,0))+ (AP69*VLOOKUP(AQ69,tab_fator[],3,0))+ (AP70*VLOOKUP(AQ70,tab_fator[],3,0))+ (AP71*VLOOKUP(AQ71,tab_fator[],3,0)) -> 1.185626e+79 | AT67: =IFERROR(_xlfn.RANK.EQ(AU67,$AU$67:$AU$71,1),"") -> 1 | AU67: =AV67*(VLOOKUP(AW67,tab_fator[],3,0)) -> 5.51e+85 | AV67: 55.1 | AW67: ax
M68: Labradorita | N68: 23.4 | O68: au | P68: =N68*(VLOOKUP(O68,tab_fator[],3,0)) -> 2.34e+76 | Q68: 22.8 | R68: au | S68: =Q68*(VLOOKUP(R68,tab_fator[],3,0)) -> 2.28e+76 | T68: 21.7 | U68: au | V68: =T68*(VLOOKUP(U68,tab_fator[],3,0)) -> 2.17e+76 | W68: =_xlfn.RANK.EQ(V68,$V67:$V71) -> 4 | Y68: =MIN(V68,S68,P68) -> 2.17e+76 | Z68: =MATCH(Y68,M68:V68,0) -> 10 | AA68: =COLUMN($L$1) -> 12 | AB68: 2 | AC68: =Z68+AA68-AB68 -> 20 | AD68: =ROW(X68) -> 68 | AE68: {=INDIRECT(ADDRESS(AD68,AC68,1,1))} -> 21.7 | AF68: {=INDIRECT(ADDRESS(AD68,AC68+1,1,1))} -> au | AH68: =IF(AND(V68<S68,V68<P68),"Equilibrado","Ver") -> Equilibrado | AJ68: Labradorita | AK68: 3 | AL68: =VLOOKUP($I$16,tab_fator[],2,0)-VLOOKUP(AQ68,tab_fator[],2,0) -> 3 | AM68: =IF(AN68+AT68=6,"Equilibrado","Ver") -> Equilibrado | AN68: =IFERROR(_xlfn.RANK.EQ(AO68,AO67:AO71),"") -> 4 | AO68: =AP68*(VLOOKUP(AQ68,tab_fator[],3,0)) -> 1.28e+77 | AP68: ='Transformação-Normal'!Q50 -> 128 | AQ68: ='Transformação-Normal'!R50 -> au | AR68: =AO68/SUM(AO67:AO71) -> 0.010795985 | AS68: =_xlfn.XLOOKUP((LEN(TEXT(AS67,0))),tab_fator[Dgts],tab_fator[Fator],"errro",-1,1) -> av | AT68: =IFERROR(_xlfn.RANK.EQ(AU68,$AU$67:$AU$71,1),"") -> 2 | AU68: =AV68*(VLOOKUP(AW68,tab_fator[],3,0)) -> 7.4e+87 | AV68: 7.4 | AW68: ay
M69: Aventurina | N69: 408 | O69: au | P69: =N69*(VLOOKUP(O69,tab_fator[],3,0)) -> 4.08e+77 | Q69: 429 | R69: au | S69: =Q69*(VLOOKUP(R69,tab_fator[],3,0)) -> 4.29e+77 | T69: 376 | U69: au | V69: =T69*(VLOOKUP(U69,tab_fator[],3,0)) -> 3.76e+77 | W69: =_xlfn.RANK.EQ(V69,$V67:$V71) -> 2 | Y69: =MIN(V69,S69,P69) -> 3.76e+77 | Z69: =MATCH(Y69,M69:V69,0) -> 10 | AA69: =COLUMN($L$1) -> 12 | AB69: 2 | AC69: =Z69+AA69-AB69 -> 20 | AD69: =ROW(X69) -> 69 | AE69: {=INDIRECT(ADDRESS(AD69,AC69,1,1))} -> 376 | AF69: {=INDIRECT(ADDRESS(AD69,AC69+1,1,1))} -> au | AH69: =IF(AND(V69<S69,V69<P69),"Equilibrado","Ver") -> Equilibrado | AJ69: Aventurina | AK69: 3 | AL69: =VLOOKUP($I$16,tab_fator[],2,0)-VLOOKUP(AQ69,tab_fator[],2,0) -> 2 | AM69: =IF(AN69+AT69=6,"Equilibrado","Ver") -> Equilibrado | AN69: =IFERROR(_xlfn.RANK.EQ(AO69,AO67:AO71),"") -> 2 | AO69: =AP69*(VLOOKUP(AQ69,tab_fator[],3,0)) -> 2.22e+78 | AP69: ='Transformação-Normal'!Q51 -> 2.22 | AQ69: ='Transformação-Normal'!R51 -> av | AR69: =AO69/SUM(AO67:AO71) -> 0.18724286 | AS69: =VLOOKUP(AS68,tab_fator[],3,0) -> 1e+78 | AT69: =IFERROR(_xlfn.RANK.EQ(AU69,$AU$67:$AU$71,1),"") -> 4 | AU69: =AV69*(VLOOKUP(AW69,tab_fator[],3,0)) -> 5.37e+92 | AV69: 537 | AW69: az
M70: Jaspe | N70: 1.42 | O70: av | P70: =N70*(VLOOKUP(O70,tab_fator[],3,0)) -> 1.42e+78 | Q70: 1.42 | R70: av | S70: =Q70*(VLOOKUP(R70,tab_fator[],3,0)) -> 1.42e+78 | T70: 1.36 | U70: av | V70: =T70*(VLOOKUP(U70,tab_fator[],3,0)) -> 1.36e+78 | W70: =_xlfn.RANK.EQ(V70,$V67:$V71) -> 1 | Y70: =MIN(V70,S70,P70) -> 1.36e+78 | Z70: =MATCH(Y70,M70:V70,0) -> 10 | AA70: =COLUMN($L$1) -> 12 | AB70: 2 | AC70: =Z70+AA70-AB70 -> 20 | AD70: =ROW(X70) -> 70 | AE70: {=INDIRECT(ADDRESS(AD70,AC70,1,1))} -> 1.36 | AF70: {=INDIRECT(ADDRESS(AD70,AC70+1,1,1))} -> av | AH70: =IF(AND(V70<S70,V70<P70),"Equilibrado","Ver") -> Equilibrado | AJ70: Jaspe | AK70: 3 | AL70: =VLOOKUP($I$16,tab_fator[],2,0)-VLOOKUP(AQ70,tab_fator[],2,0) -> 2 | AM70: =IF(AN70+AT70=6,"Equilibrado","Ver") -> Equilibrado | AN70: =IFERROR(_xlfn.RANK.EQ(AO70,AO67:AO71),"") -> 1 | AO70: =AP70*(VLOOKUP(AQ70,tab_fator[],3,0)) -> 8.02e+78 | AP70: ='Transformação-Normal'!Q52 -> 8.02 | AQ70: ='Transformação-Normal'!R52 -> av | AR70: =AO70/SUM(AO67:AO71) -> 0.67643591 | AT70: =IFERROR(_xlfn.RANK.EQ(AU70,$AU$67:$AU$71,1),"") -> 5 | AU70: =AV70*(VLOOKUP(AW70,tab_fator[],3,0)) -> 1.28e+95 | AV70: 128 | AW70: ba
M71: Cornalina | N71: 259 | O71: au | P71: =N71*(VLOOKUP(O71,tab_fator[],3,0)) -> 2.59e+77 | Q71: 276 | R71: au | S71: =Q71*(VLOOKUP(R71,tab_fator[],3,0)) -> 2.76e+77 | T71: 250 | U71: au | V71: =T71*(VLOOKUP(U71,tab_fator[],3,0)) -> 2.5e+77 | W71: =_xlfn.RANK.EQ(V71,$V67:$V71) -> 3 | Y71: =MIN(V71,S71,P71) -> 2.5e+77 | Z71: =MATCH(Y71,M71:V71,0) -> 10 | AA71: =COLUMN($L$1) -> 12 | AB71: 2 | AC71: =Z71+AA71-AB71 -> 20 | AD71: =ROW(X71) -> 71 | AE71: {=INDIRECT(ADDRESS(AD71,AC71,1,1))} -> 250 | AF71: {=INDIRECT(ADDRESS(AD71,AC71+1,1,1))} -> au | AH71: =IF(AND(V71<S71,V71<P71),"Equilibrado","Ver") -> Equilibrado | AJ71: Cornalina | AK71: 2 | AL71: =VLOOKUP($I$16,tab_fator[],2,0)-VLOOKUP(AQ71,tab_fator[],2,0) -> 2 | AM71: =IF(AN71+AT71=6,"Equilibrado","Ver") -> Equilibrado | AN71: =IFERROR(_xlfn.RANK.EQ(AO71,AO67:AO71),"") -> 3 | AO71: =AP71*(VLOOKUP(AQ71,tab_fator[],3,0)) -> 1.48e+78 | AP71: ='Transformação-Normal'!Q53 -> 1.48 | AQ71: ='Transformação-Normal'!R53 -> av | AR71: =AO71/SUM(AO67:AO71) -> 0.12482857 | AT71: =IFERROR(_xlfn.RANK.EQ(AU71,$AU$67:$AU$71,1),"") -> 3 | AU71: =AV71*(VLOOKUP(AW71,tab_fator[],3,0)) -> 1.28e+90 | AV71: 1.28 | AW71: az
AJ72: Total | AK72: =CONCATENATE(SUM(AK67:AK71)," / ",6*5) -> 15 / 30 | AP72: =IFERROR(IF(AS67/AS69<10,(TEXT(AS67/AS69,"#,##")),IF(AS67/AS69<100,TEXT(AS67/AS69,"##,#"),TEXT(AS67/AS69,"###"))),"") -> 11,9 | AQ72: =IFERROR(AS68,"") -> av | AT72: =IFERROR(IF((AP72*VLOOKUP(AQ72,tab_fator[],3,0))>(_xlfn.XLOOKUP(1,AT67:AT71,AV67:AV71,"",0,1)*VLOOKUP((_xlfn.XLOOKUP(1,AT67:AT71,AW67:AW71,"",0,1)),tab_fator[],3,0)),"Pronto","Esperar"),"") -> Esperar
AJ74: Dinheiro do Submarino
M75: Dinheiro do Submarino | AJ75: Mina | AK75: Prestigo | AL75: GAP | AM75: Verificação | AN75: Valor OffLine | AT75: Próximo Prestigio
M76: Mina | N76: Armazem | P76: Armazem Valor | Q76: Elevador | S76: Elevador Valor | T76: Extração | V76: Extração Valor | W76: Ordem | Y76: Valor | Z76: ColsAjust | AA76: ColFator | AB76: AjsuteCol | AC76: Coluna | AD76: Linha | AE76: Valor Mínimo | AH76: Verificação | AK76: Atual | AN76: Ordem | AP76: Valor | AQ76: Multip. | AR76: Repre. | AT76: Ordem | AU76: Valor Real | AV76: Valor | AW76: Multip.
M77: Nautilus | N77: 101 | O77: aq | P77: =N77*(VLOOKUP(O77,tab_fator[],3,0)) -> 1.01e+65 | Q77: 92.9 | R77: aq | S77: =Q77*(VLOOKUP(R77,tab_fator[],3,0)) -> 9.29e+64 | T77: 62.3 | U77: aq | V77: =T77*(VLOOKUP(U77,tab_fator[],3,0)) -> 6.23e+64 | W77: =_xlfn.RANK.EQ(V77,$V77:$V81) -> 3 | Y77: =MIN(V77,S77,P77) -> 6.23e+64 | Z77: =MATCH(Y77,M77:V77,0) -> 10 | AA77: 12 | AB77: 2 | AC77: =Z77+AA77-AB77 -> 20 | AD77: =ROW(X77) -> 77 | AE77: {=INDIRECT(ADDRESS(AD77,AC77,1,1))} -> 62.3 | AF77: {=INDIRECT(ADDRESS(AD77,AC77+1,1,1))} -> aq | AH77: =IF(AND(V77<S77,V77<P77),"Equilibrado","Ver") -> Equilibrado | AJ77: Nautilus | AK77: 3 | AL77: =VLOOKUP($I$17,tab_fator[],2,0)-VLOOKUP(AQ77,tab_fator[],2,0) -> 3 | AM77: =IF(AN77+AT77=6,"Equilibrado","Ver") -> Equilibrado | AN77: =IFERROR(_xlfn.RANK.EQ(AO77,AO77:AO81),"") -> 3 | AO77: =AP77*(VLOOKUP(AQ77,tab_fator[],3,0)) -> 3.68e+65 | AP77: ='Transformação-Normal'!Q56 -> 368 | AQ77: ='Transformação-Normal'!R56 -> aq | AR77: =AO77/SUM(AO77:AO81) -> 0.099656618 | AS77: =(AP77*VLOOKUP(AQ77,tab_fator[],3,0))+ (AP78*VLOOKUP(AQ78,tab_fator[],3,0))+ (AP79*VLOOKUP(AQ79,tab_fator[],3,0))+ (AP80*VLOOKUP(AQ80,tab_fator[],3,0))+ (AP81*VLOOKUP(AQ81,tab_fator[],3,0)) -> 3.69268e+66 | AT77: =IFERROR(_xlfn.RANK.EQ(AU77,$AU$77:$AU$81,1),"") -> 3 | AU77: =AV77*(VLOOKUP(AW77,tab_fator[],3,0)) -> 1.39e+78 | AV77: 1.39 | AW77: av
M78: Atlatis | N78: 13.1 | O78: aq | P78: =N78*(VLOOKUP(O78,tab_fator[],3,0)) -> 1.31e+64 | Q78: 13.1 | R78: aq | S78: =Q78*(VLOOKUP(R78,tab_fator[],3,0)) -> 1.31e+64 | T78: 12.6 | U78: aq | V78: =T78*(VLOOKUP(U78,tab_fator[],3,0)) -> 1.26e+64 | W78: =_xlfn.RANK.EQ(V78,$V77:$V81) -> 4 | Y78: =MIN(V78,S78,P78) -> 1.26e+64 | Z78: =MATCH(Y78,M78:V78,0) -> 10 | AA78: 12 | AB78: 2 | AC78: =Z78+AA78-AB78 -> 20 | AD78: =ROW(X78) -> 78 | AE78: {=INDIRECT(ADDRESS(AD78,AC78,1,1))} -> 12.6 | AF78: {=INDIRECT(ADDRESS(AD78,AC78+1,1,1))} -> aq | AH78: =IF(AND(V78<S78,V78<P78),"Equilibrado","Ver") -> Equilibrado | AJ78: Atlatis | AK78: 2 | AL78: =VLOOKUP($I$17,tab_fator[],2,0)-VLOOKUP(AQ78,tab_fator[],2,0) -> 3 | AM78: =IF(AN78+AT78=6,"Equilibrado","Ver") -> Equilibrado | AN78: =IFERROR(_xlfn.RANK.EQ(AO78,AO77:AO81),"") -> 4 | AO78: =AP78*(VLOOKUP(AQ78,tab_fator[],3,0)) -> 7.43e+64 | AP78: ='Transformação-Normal'!Q57 -> 74.3 | AQ78: ='Transformação-Normal'!R57 -> aq | AR78: =AO78/SUM(AO77:AO81) -> 0.020120888 | AS78: =_xlfn.XLOOKUP((LEN(TEXT(AS77,0))),tab_fator[Dgts],tab_fator[Fator],"errro",-1,1) -> ar | AT78: =IFERROR(_xlfn.RANK.EQ(AU78,$AU$77:$AU$81,1),"") -> 2 | AU78: =AV78*(VLOOKUP(AW78,tab_fator[],3,0)) -> 6.58e+75 | AV78: 6.58 | AW78: au
M79: Bermudas | N79: 561 | O79: aq | P79: =N79*(VLOOKUP(O79,tab_fator[],3,0)) -> 5.61e+65 | Q79: 549 | R79: aq | S79: =Q79*(VLOOKUP(R79,tab_fator[],3,0)) -> 5.49e+65 | T79: 440 | U79: aq | V79: =T79*(VLOOKUP(U79,tab_fator[],3,0)) -> 4.4e+65 | W79: =_xlfn.RANK.EQ(V79,$V77:$V81) -> 1 | Y79: =MIN(V79,S79,P79) -> 4.4e+65 | Z79: =MATCH(Y79,M79:V79,0) -> 10 | AA79: 12 | AB79: 2 | AC79: =Z79+AA79-AB79 -> 20 | AD79: =ROW(X79) -> 79 | AE79: {=INDIRECT(ADDRESS(AD79,AC79,1,1))} -> 440 | AF79: {=INDIRECT(ADDRESS(AD79,AC79+1,1,1))} -> aq | AH79: =IF(AND(V79<S79,V79<P79),"Equilibrado","Ver") -> Equilibrado | AJ79: Bermudas | AK79: 2 | AL79: =VLOOKUP($I$17,tab_fator[],2,0)-VLOOKUP(AQ79,tab_fator[],2,0) -> 2 | AM79: =IF(AN79+AT79=6,"Equilibrado","Ver") -> Equilibrado | AN79: =IFERROR(_xlfn.RANK.EQ(AO79,AO77:AO81),"") -> 1 | AO79: =AP79*(VLOOKUP(AQ79,tab_fator[],3,0)) -> 2.6e+66 | AP79: ='Transformação-Normal'!Q58 -> 2.6 | AQ79: ='Transformação-Normal'!R58 -> ar | AR79: =AO79/SUM(AO77:AO81) -> 0.70409567 | AS79: =VLOOKUP(AS78,tab_fator[],3,0) -> 1e+66 | AT79: =IFERROR(_xlfn.RANK.EQ(AU79,$AU$77:$AU$81,1),"") -> 5 | AU79: =AV79*(VLOOKUP(AW79,tab_fator[],3,0)) -> 1.89e+82 | AV79: 18.9 | AW79: aw
M80: Sereias | N80: 1.38 | O80: aq | P80: =N80*(VLOOKUP(O80,tab_fator[],3,0)) -> 1.38e+63 | Q80: 1.37 | R80: aq | S80: =Q80*(VLOOKUP(R80,tab_fator[],3,0)) -> 1.37e+63 | T80: 1.25 | U80: aq | V80: =T80*(VLOOKUP(U80,tab_fator[],3,0)) -> 1.25e+63 | W80: =_xlfn.RANK.EQ(V80,$V77:$V81) -> 5 | Y80: =MIN(V80,S80,P80) -> 1.25e+63 | Z80: =MATCH(Y80,M80:V80,0) -> 10 | AA80: 12 | AB80: 2 | AC80: =Z80+AA80-AB80 -> 20 | AD80: =ROW(X80) -> 80 | AE80: {=INDIRECT(ADDRESS(AD80,AC80,1,1))} -> 1.25 | AF80: {=INDIRECT(ADDRESS(AD80,AC80+1,1,1))} -> aq | AH80: =IF(AND(V80<S80,V80<P80),"Equilibrado","Ver") -> Equilibrado | AJ80: Sereias | AK80: 1 | AL80: =VLOOKUP($I$17,tab_fator[],2,0)-VLOOKUP(AQ80,tab_fator[],2,0) -> 3 | AM80: =IF(AN80+AT80=6,"Equilibrado","Ver") -> Equilibrado | AN80: =IFERROR(_xlfn.RANK.EQ(AO80,AO77:AO81),"") -> 5 | AO80: =AP80*(VLOOKUP(AQ80,tab_fator[],3,0)) -> 7.38e+63 | AP80: ='Transformação-Normal'!Q59 -> 7.38 | AQ80: ='Transformação-Normal'!R59 -> aq | AR80: =AO80/SUM(AO77:AO81) -> 0.0019985485 | AT80: =IFERROR(_xlfn.RANK.EQ(AU80,$AU$77:$AU$81,1),"") -> 1 | AU80: =AV80*(VLOOKUP(AW80,tab_fator[],3,0)) -> 4.16e+73 | AV80: 41.6 | AW80: at
M81: Abismo | N81: 123 | O81: aq | P81: =N81*(VLOOKUP(O81,tab_fator[],3,0)) -> 1.23e+65 | Q81: 122 | R81: aq | S81: =Q81*(VLOOKUP(R81,tab_fator[],3,0)) -> 1.22e+65 | T81: 109 | U81: aq | V81: =T81*(VLOOKUP(U81,tab_fator[],3,0)) -> 1.09e+65 | W81: =_xlfn.RANK.EQ(V81,$V77:$V81) -> 2 | Y81: =MIN(V81,S81,P81) -> 1.09e+65 | Z81: =MATCH(Y81,M81:V81,0) -> 10 | AA81: 12 | AB81: 2 | AC81: =Z81+AA81-AB81 -> 20 | AD81: =ROW(X81) -> 81 | AE81: {=INDIRECT(ADDRESS(AD81,AC81,1,1))} -> 109 | AF81: {=INDIRECT(ADDRESS(AD81,AC81+1,1,1))} -> aq | AH81: =IF(AND(V81<S81,V81<P81),"Equilibrado","Ver") -> Equilibrado | AJ81: Abismo | AK81: 1 | AL81: =VLOOKUP($I$17,tab_fator[],2,0)-VLOOKUP(AQ81,tab_fator[],2,0) -> 3 | AM81: =IF(AN81+AT81=6,"Equilibrado","Ver") -> Equilibrado | AN81: =IFERROR(_xlfn.RANK.EQ(AO81,AO77:AO81),"") -> 2 | AO81: =AP81*(VLOOKUP(AQ81,tab_fator[],3,0)) -> 6.43e+65 | AP81: ='Transformação-Normal'!Q60 -> 643 | AQ81: ='Transformação-Normal'!R60 -> aq | AR81: =AO81/SUM(AO77:AO81) -> 0.17412828 | AT81: =IFERROR(_xlfn.RANK.EQ(AU81,$AU$77:$AU$81,1),"") -> 4 | AU81: =AV81*(VLOOKUP(AW81,tab_fator[],3,0)) -> 4.08e+80 | AV81: 408 | AW81: av
AJ82: Total | AK82: =CONCATENATE(SUM(AK77:AK81)," / ",6*5) -> 9 / 30 | AP82: =IFERROR(IF(AS77/AS79<10,(TEXT(AS77/AS79,"#,##")),IF(AS77/AS79<100,TEXT(AS77/AS79,"##,#"),TEXT(AS77/AS79,"###"))),"") -> 3,69 | AQ82: =IFERROR(AS78,"") -> ar | AT82: =IFERROR(IF((AP82*VLOOKUP(AQ82,tab_fator[],3,0))>(_xlfn.XLOOKUP(1,AT77:AT81,AV77:AV81,"",0,1)*VLOOKUP((_xlfn.XLOOKUP(1,AT77:AT81,AW77:AW81,"",0,1)),tab_fator[],3,0)),"Pronto","Esperar"),"") -> Esperar

Sheet Transformação-Normal
A1: Fator | B1: Cont | C1: Valor | D1: Dgts
A2: - | B2: 1 | C2: 1 | D2: =LEN(TEXT(C2,0)) -> 1 | F2: Fator | G2: ='Idle-Normal'!G2/10 -> 5.9
A3: k | B3: =B2+1 -> 2 | C3: =C2*1000 -> 1000 | D3: =LEN(TEXT(C3,0)) -> 4
A4: m | B4: =B3+1 -> 3 | C4: =C3*1000 -> 1000000 | D4: =LEN(TEXT(C4,0)) -> 7
A5: b | B5: =B4+1 -> 4 | C5: =C4*1000 -> 1000000000 | D5: =LEN(TEXT(C5,0)) -> 10
A6: t | B6: =B5+1 -> 5 | C6: =C5*1000 -> 1000000000000 | D6: =LEN(TEXT(C6,0)) -> 13 | F6: Mina | G6: Produção | I6: Vlr Total | J6: Digtos R | K6: Letra R | L6: Verificação | M6: Valor Fator | N6: Digitos F | O6: VlrBaseFator | P6: VlrVisF | Q6: VlrVisFaFinal | R6: Letras F
A7: aa | B7: =B6+1 -> 6 | C7: =C6*1000 -> 1e+15 | D7: =LEN(TEXT(C7,0)) -> 16 | F7: Carvão | G7: ='Idle-Normal'!AE7 -> 403 | H7: ='Idle-Normal'!AF7 -> bb | I7: =G7*(VLOOKUP(H7,tab_fatorTestes[],3,0)) -> 4.03e+98 | J7: =LEN(TEXT(I7,0)) -> 99 | K7: {=_xlfn.XLOOKUP(J7,tab_fatorTestes[[#All],[Dgts]],tab_fatorTestes[[#All],[Fator]],"Erro",-1,1)} -> bb | L7: =K7=H7 -> TRUE | M7: =I7*$G$2 -> 2.3777e+99 | N7: =LEN(TEXT(M7,0)) -> 100 | O7: =VLOOKUP(R7,tab_fatorTestes[],3,0) -> 1e+99 | P7: =M7/O7 -> 2.3777 | Q7: =ROUND(P7,(IF(P7<10,2,IF(P7<100,1,IF(P7>100,0))))) -> 2.38 | R7: {=_xlfn.XLOOKUP(N7,tab_fatorTestes[[#All],[Dgts]],tab_fatorTestes[[#All],[Fator]],"Erro",-1,1)} -> bc
A8: ab | B8: =B7+1 -> 7 | C8: =C7*1000 -> 1e+18 | D8: =LEN(TEXT(C8,0)) -> 19 | F8: Ouro | G8: ='Idle-Normal'!AE8 -> 344 | H8: ='Idle-Normal'!AF8 -> bb | I8: =G8*(VLOOKUP(H8,tab_fatorTestes[],3,0)) -> 3.44e+98 | J8: =LEN(TEXT(I8,0)) -> 99 | K8: {=_xlfn.XLOOKUP(J8,tab_fatorTestes[[#All],[Dgts]],tab_fatorTestes[[#All],[Fator]],"Erro",-1,1)} -> bb | L8: =K8=H8 -> TRUE | M8: =I8*$G$2 -> 2.0296e+99 | N8: =LEN(TEXT(M8,0)) -> 100 | O8: =VLOOKUP(R8,tab_fatorTestes[],3,0) -> 1e+99 | P8: =M8/O8 -> 2.0296 | Q8: =ROUND(P8,(IF(P8<10,2,IF(P8<100,1,IF(P8>100,0))))) -> 2.03 | R8: {=_xlfn.XLOOKUP(N8,tab_fatorTestes[[#All],[Dgts]],tab_fatorTestes[[#All],[Fator]],"Erro",-1,1)} -> bc
A9: ac | B9: =B8+1 -> 8 | C9: =C8*1000 -> 1e+21 | D9: =LEN(TEXT(C9,0)) -> 22 | F9: Rubi | G9: ='Idle-Normal'!AE9 -> 1.16 | H9: ='Idle-Normal'!AF9 -> bc | I9: =G9*(VLOOKUP(H9,tab_fatorTestes[],3,0)) -> 1.16e+99 | J9: =LEN(TEXT(I9,0)) -> 100 | K9: {=_xlfn.XLOOKUP(J9,tab_fatorTestes[[#All],[Dgts]],tab_fatorTestes[[#All],[Fator]],"Erro",-1,1)} -> bc | L9: =K9=H9 -> TRUE | M9: =I9*$G$2 -> 6.844e+99 | N9: =LEN(TEXT(M9,0)) -> 100 | O9: =VLOOKUP(R9,tab_fatorTestes[],3,0) -> 1e+99 | P9: =M9/O9 -> 6.844 | Q9: =ROUND(P9,(IF(P9<10,2,IF(P9<100,1,IF(P9>100,0))))) -> 6.84 | R9: {=_xlfn.XLOOKUP(N9,tab_fatorTestes[[#All],[Dgts]],tab_fatorTestes[[#All],[Fator]],"Erro",-1,1)} -> bc
A10: ad | B10: =B9+1 -> 9 | C10: =C9*1000 -> 1e+24 | D10: =LEN(TEXT(C10,0)) -> 25 | F10: Diamante | G10: ='Idle-Normal'!AE10 -> 42.9 | H10: ='Idle-Normal'!AF10 -> at | I10: =G10*(VLOOKUP(H10,tab_fatorTestes[],3,0)) -> 4.29e+73 | J10: =LEN(TEXT(I10,0)) -> 74 | K10: {=_xlfn.XLOOKUP(J10,tab_fatorTestes[[#All],[Dgts]],tab_fatorTestes[[#All],[Fator]],"Erro",-1,1)} -> at | L10: =K10=H10 -> TRUE | M10: =I10*$G$2 -> 2.5311e+74 | N10: =LEN(TEXT(M10,0)) -> 75 | O10: =VLOOKUP(R10,tab_fatorTestes[],3,0) -> 1e+72 | P10: =M10/O10 -> 253.11 | Q10: =ROUND(P10,(IF(P10<10,2,IF(P10<100,1,IF(P10>100,0))))) -> 253 | R10: {=_xlfn.XLOOKUP(N10,tab_fatorTestes[[#All],[Dgts]],tab_fatorTestes[[#All],[Fator]],"Erro",-1,1)} -> at
A11: ae | B11: =B10+1 -> 10 | C11: =C10*1000 -> 1e+27 | D11: =LEN(TEXT(C11,0)) -> 28 | F11: Esmeralda | G11: ='Idle-Normal'!AE11 -> 14.5 | H11: ='Idle-Normal'!AF11 -> bb | I11: =G11*(VLOOKUP(H11,tab_fatorTestes[],3,0)) -> 1.45e+97 | J11: =LEN(TEXT(I11,0)) -> 98 | K11: {=_xlfn.XLOOKUP(J11,tab_fatorTestes[[#All],[Dgts]],tab_fatorTestes[[#All],[Fator]],"Erro",-1,1)} -> bb | L11: =K11=H11 -> TRUE | M11: =I11*$G$2 -> 8.555e+97 | N11: =LEN(TEXT(M11,0)) -> 98 | O11: =VLOOKUP(R11,tab_fatorTestes[],3,0) -> 1e+96 | P11: =M11/O11 -> 85.55 | Q11: =ROUND(P11,(IF(P11<10,2,IF(P11<100,1,IF(P11>100,0))))) -> 85.6 | R11: {=_xlfn.XLOOKUP(N11,tab_fatorTestes[[#All],[Dgts]],tab_fatorTestes[[#All],[Fator]],"Erro",-1,1)} -> bb
A12: af | B12: =B11+1 -> 11 | C12: =C11*1000 -> 1e+30 | D12: =LEN(TEXT(C12,0)) -> 31 | F12: Total | M12: =SUM(M7:M11) -> 1.133685e+100 | N12: =LEN(TEXT(M12,0)) -> 101 | O12: =VLOOKUP(R12,tab_fatorTestes[],3,0) -> 1e+99 | P12: =M12/O12 -> 11.33685 | Q12: =ROUND(P12,(IF(P12<10,2,IF(P12<100,1,IF(P12>100,0))))) -> 11.3 | R12: {=_xlfn.XLOOKUP(N12,tab_fatorTestes[[#All],[Dgts]],tab_fatorTestes[[#All],[Fator]],"Erro",-1,1)} -> bc
A13: ag | B13: =B12+1 -> 12 | C13: =C12*1000 -> 1e+33 | D13: =LEN(TEXT(C13,0)) -> 34
A14: ah | B14: =B13+1 -> 13 | C14: =C13*1000 -> 1e+36 | D14: =LEN(TEXT(C14,0)) -> 37 | F14: Seletina | G14: ='Idle-Normal'!AE17 -> 46 | H14: ='Idle-Normal'!AF17 -> az | I14: =G14*(VLOOKUP(H14,tab_fatorTestes[],3,0)) -> 4.6e+91 | J14: =LEN(TEXT(I14,0)) -> 92 | K14: {=_xlfn.XLOOKUP(J14,tab_fatorTestes[[#All],[Dgts]],tab_fatorTestes[[#All],[Fator]],"Erro",-1,1)} -> az | L14: =K14=H14 -> TRUE | M14: =I14*$G$2 -> 2.714e+92 | N14: =LEN(TEXT(M14,0)) -> 93 | O14: =VLOOKUP(R14,tab_fatorTestes[],3,0) -> 1e+90 | P14: =M14/O14 -> 271.4 | Q14: =ROUND(P14,(IF(P14<10,2,IF(P14<100,1,IF(P14>100,0))))) -> 271 | R14: {=_xlfn.XLOOKUP(N14,tab_fatorTestes[[#All],[Dgts]],tab_fatorTestes[[#All],[Fator]],"Erro",-1,1)} -> az
A15: ai | B15: =B14+1 -> 14 | C15: =C14*1000 -> 1e+39 | D15: =LEN(TEXT(C15,0)) -> 40 | F15: Ametista | G15: ='Idle-Normal'!AE18 -> 1.08 | H15: ='Idle-Normal'!AF18 -> ba | I15: =G15*(VLOOKUP(H15,tab_fatorTestes[],3,0)) -> 1.08e+93 | J15: =LEN(TEXT(I15,0)) -> 94 | K15: {=_xlfn.XLOOKUP(J15,tab_fatorTestes[[#All],[Dgts]],tab_fatorTestes[[#All],[Fator]],"Erro",-1,1)} -> ba | L15: =K15=H15 -> TRUE | M15: =I15*$G$2 -> 6.372e+93 | N15: =LEN(TEXT(M15,0)) -> 94 | O15: =VLOOKUP(R15,tab_fatorTestes[],3,0) -> 1e+93 | P15: =M15/O15 -> 6.372 | Q15: =ROUND(P15,(IF(P15<10,2,IF(P15<100,1,IF(P15>100,0))))) -> 6.37 | R15: {=_xlfn.XLOOKUP(N15,tab_fatorTestes[[#All],[Dgts]],tab_fatorTestes[[#All],[Fator]],"Erro",-1,1)} -> ba
A16: aj | B16: =B15+1 -> 15 | C16: =C15*1000 -> 1e+42 | D16: =LEN(TEXT(C16,0)) -> 43 | F16: Safira | G16: ='Idle-Normal'!AE19 -> 2.39 | H16: ='Idle-Normal'!AF19 -> ba | I16: =G16*(VLOOKUP(H16,tab_fatorTestes[],3,0)) -> 2.39e+93 | J16: =LEN(TEXT(I16,0)) -> 94 | K16: {=_xlfn.XLOOKUP(J16,tab_fatorTestes[[#All],[Dgts]],tab_fatorTestes[[#All],[Fator]],"Erro",-1,1)} -> ba | L16: =K16=H16 -> TRUE | M16: =I16*$G$2 -> 1.4101e+94 | N16: =LEN(TEXT(M16,0)) -> 95 | O16: =VLOOKUP(R16,tab_fatorTestes[],3,0) -> 1e+93 | P16: =M16/O16 -> 14.101 | Q16: =ROUND(P16,(IF(P16<10,2,IF(P16<100,1,IF(P16>100,0))))) -> 14.1 | R16: {=_xlfn.XLOOKUP(N16,tab_fatorTestes[[#All],[Dgts]],tab_fatorTestes[[#All],[Fator]],"Erro",-1,1)} -> ba
A17: ak | B17: =B16+1 -> 16 | C17: =C16*1000 -> 1e+45 | D17: =LEN(TEXT(C17,0)) -> 46 | F17: Cristal | G17: ='Idle-Normal'!AE20 -> 8.89 | H17: ='Idle-Normal'!AF20 -> ba | I17: =G17*(VLOOKUP(H17,tab_fatorTestes[],3,0)) -> 8.89e+93 | J17: =LEN(TEXT(I17,0)) -> 94 | K17: {=_xlfn.XLOOKUP(J17,tab_fatorTestes[[#All],[Dgts]],tab_fatorTestes[[#All],[Fator]],"Erro",-1,1)} -> ba | L17: =K17=H17 -> TRUE | M17: =I17*$G$2 -> 5.2451e+94 | N17: =LEN(TEXT(M17,0)) -> 95 | O17: =VLOOKUP(R17,tab_fatorTestes[],3,0) -> 1e+93 | P17: =M17/O17 -> 52.451 | Q17: =ROUND(P17,(IF(P17<10,2,IF(P17<100,1,IF(P17>100,0))))) -> 52.5 | R17: {=_xlfn.XLOOKUP(N17,tab_fatorTestes[[#All],[Dgts]],tab_fatorTestes[[#All],[Fator]],"Erro",-1,1)} -> ba
A18: al | B18: =B17+1 -> 17 | C18: =C17*1000 -> 1e+48 | D18: =LEN(TEXT(C18,0)) -> 49 | F18: Jade | G18: ='Idle-Normal'!AE21 -> 15.1 | H18: ='Idle-Normal'!AF21 -> ba | I18: =G18*(VLOOKUP(H18,tab_fatorTestes[],3,0)) -> 1.51e+94 | J18: =LEN(TEXT(I18,0)) -> 95 | K18: {=_xlfn.XLOOKUP(J18,tab_fatorTestes[[#All],[Dgts]],tab_fatorTestes[[#All],[Fator]],"Erro",-1,1)} -> ba | L18: =K18=H18 -> TRUE | M18: =I18*$G$2 -> 8.909e+94 | N18: =LEN(TEXT(M18,0)) -> 95 | O18: =VLOOKUP(R18,tab_fatorTestes[],3,0) -> 1e+93 | P18: =M18/O18 -> 89.09 | Q18: =ROUND(P18,(IF(P18<10,2,IF(P18<100,1,IF(P18>100,0))))) -> 89.1 | R18: {=_xlfn.XLOOKUP(N18,tab_fatorTestes[[#All],[Dgts]],tab_fatorTestes[[#All],[Fator]],"Erro",-1,1)} -> ba
A19: am | B19: =B18+1 -> 18 | C19: =C18*1000 -> 1e+51 | D19: =LEN(TEXT(C19,0)) -> 52 | F19: Total | M19: =SUM(M14:M18) -> 1.622854e+95 | N19: =LEN(TEXT(M19,0)) -> 96 | O19: =VLOOKUP(R19,tab_fatorTestes[],3,0) -> 1e+93 | P19: =M19/O19 -> 162.2854 | Q19: =ROUND(P19,(IF(P19<10,2,IF(P19<100,1,IF(P19>100,0))))) -> 162 | R19: {=_xlfn.XLOOKUP(N19,tab_fatorTestes[[#All],[Dgts]],tab_fatorTestes[[#All],[Fator]],"Erro",-1,1)} -> ba
A20: an | B20: =B19+1 -> 19 | C20: =C19*1000 -> 1e+54 | D20: =LEN(TEXT(C20,0)) -> 55
A21: ao | B21: =B20+1 -> 20 | C21: =C20*1000 -> 1e+57 | D21: =LEN(TEXT(C21,0)) -> 58 | F21: Ambar | G21: ='Idle-Normal'!AE27 -> 401 | H21: ='Idle-Normal'!AF27 -> ay | I21: =G21*(VLOOKUP(H21,tab_fatorTestes[],3,0)) -> 4.01e+89 | J21: =LEN(TEXT(I21,0)) -> 90 | K21: {=_xlfn.XLOOKUP(J21,tab_fatorTestes[[#All],[Dgts]],tab_fatorTestes[[#All],[Fator]],"Erro",-1,1)} -> ay | L21: =K21=H21 -> TRUE | M21: =I21*$G$2 -> 2.3659e+90 | N21: =LEN(TEXT(M21,0)) -> 91 | O21: =VLOOKUP(R21,tab_fatorTestes[],3,0) -> 1e+90 | P21: =M21/O21 -> 2.3659 | Q21: =ROUND(P21,(IF(P21<10,2,IF(P21<100,1,IF(P21>100,0))))) -> 2.37 | R21: {=_xlfn.XLOOKUP(N21,tab_fatorTestes[[#All],[Dgts]],tab_fatorTestes[[#All],[Fator]],"Erro",-1,1)} -> az
A22: ap | B22: =B21+1 -> 21 | C22: =C21*1000 -> 1e+60 | D22: =LEN(TEXT(C22,0)) -> 61 | F22: Pedra do Sol | G22: ='Idle-Normal'!AE28 -> 1.72 | H22: ='Idle-Normal'!AF28 -> az | I22: =G22*(VLOOKUP(H22,tab_fatorTestes[],3,0)) -> 1.72e+90 | J22: =LEN(TEXT(I22,0)) -> 91 | K22: {=_xlfn.XLOOKUP(J22,tab_fatorTestes[[#All],[Dgts]],tab_fatorTestes[[#All],[Fator]],"Erro",-1,1)} -> az | L22: =K22=H22 -> TRUE | M22: =I22*$G$2 -> 1.0148e+91 | N22: =LEN(TEXT(M22,0)) -> 92 | O22: =VLOOKUP(R22,tab_fatorTestes[],3,0) -> 1e+90 | P22: =M22/O22 -> 10.148 | Q22: =ROUND(P22,(IF(P22<10,2,IF(P22<100,1,IF(P22>100,0))))) -> 10.1 | R22: {=_xlfn.XLOOKUP(N22,tab_fatorTestes[[#All],[Dgts]],tab_fatorTestes[[#All],[Fator]],"Erro",-1,1)} -> az
A23: aq | B23: =B22+1 -> 22 | C23: =C22*1000 -> 1e+63 | D23: =LEN(TEXT(C23,0)) -> 64 | F23: Topázio | G23: ='Idle-Normal'!AE29 -> 1.95 | H23: ='Idle-Normal'!AF29 -> az | I23: =G23*(VLOOKUP(H23,tab_fatorTestes[],3,0)) -> 1.95e+90 | J23: =LEN(TEXT(I23,0)) -> 91 | K23: {=_xlfn.XLOOKUP(J23,tab_fatorTestes[[#All],[Dgts]],tab_fatorTestes[[#All],[Fator]],"Erro",-1,1)} -> az | L23: =K23=H23 -> TRUE | M23: =I23*$G$2 -> 1.1505e+91 | N23: =LEN(TEXT(M23,0)) -> 92 | O23: =VLOOKUP(R23,tab_fatorTestes[],3,0) -> 1e+90 | P23: =M23/O23 -> 11.505 | Q23: =ROUND(P23,(IF(P23<10,2,IF(P23<100,1,IF(P23>100,0))))) -> 11.5 | R23: {=_xlfn.XLOOKUP(N23,tab_fatorTestes[[#All],[Dgts]],tab_fatorTestes[[#All],[Fator]],"Erro",-1,1)} -> az
A24: ar | B24: =B23+1 -> 23 | C24: =C23*1000 -> 1e+66 | D24: =LEN(TEXT(C24,0)) -> 67 | F24: Platina | G24: ='Idle-Normal'!AE30 -> 6.32 | H24: ='Idle-Normal'!AF30 -> az | I24: =G24*(VLOOKUP(H24,tab_fatorTestes[],3,0)) -> 6.32e+90 | J24: =LEN(TEXT(I24,0)) -> 91 | K24: {=_xlfn.XLOOKUP(J24,tab_fatorTestes[[#All],[Dgts]],tab_fatorTestes[[#All],[Fator]],"Erro",-1,1)} -> az | L24: =K24=H24 -> TRUE | M24: =I24*$G$2 -> 3.7288e+91 | N24: =LEN(TEXT(M24,0)) -> 92 | O24: =VLOOKUP(R24,tab_fatorTestes[],3,0) -> 1e+90 | P24: =M24/O24 -> 37.288 | Q24: =ROUND(P24,(IF(P24<10,2,IF(P24<100,1,IF(P24>100,0))))) -> 37.3 | R24: {=_xlfn.XLOOKUP(N24,tab_fatorTestes[[#All],[Dgts]],tab_fatorTestes[[#All],[Fator]],"Erro",-1,1)} -> az
A25: as | B25: =B24+1 -> 24 | C25: =C24*1000 -> 1e+69 | D25: =LEN(TEXT(C25,0)) -> 70 | F25: Obsidiana | G25: ='Idle-Normal'!AE31 -> 11.1 | H25: ='Idle-Normal'!AF31 -> az | I25: =G25*(VLOOKUP(H25,tab_fatorTestes[],3,0)) -> 1.11e+91 | J25: =LEN(TEXT(I25,0)) -> 92 | K25: {=_xlfn.XLOOKUP(J25,tab_fatorTestes[[#All],[Dgts]],tab_fatorTestes[[#All],[Fator]],"Erro",-1,1)} -> az | L25: =K25=H25 -> TRUE | M25: =I25*$G$2 -> 6.549e+91 | N25: =LEN(TEXT(M25,0)) -> 92 | O25: =VLOOKUP(R25,tab_fatorTestes[],3,0) -> 1e+90 | P25: =M25/O25 -> 65.49 | Q25: =ROUND(P25,(IF(P25<10,2,IF(P25<100,1,IF(P25>100,0))))) -> 65.5 | R25: {=_xlfn.XLOOKUP(N25,tab_fatorTestes[[#All],[Dgts]],tab_fatorTestes[[#All],[Fator]],"Erro",-1,1)} -> az
A26: at | B26: =B25+1 -> 25 | C26: =C25*1000 -> 1e+72 | D26: =LEN(TEXT(C26,0)) -> 73 | F26: Total | M26: =SUM(M21:M25) -> 1.267969e+92 | N26: =LEN(TEXT(M26,0)) -> 93 | O26: =VLOOKUP(R26,tab_fatorTestes[],3,0) -> 1e+90 | P26: =M26/O26 -> 126.7969 | Q26: =ROUND(P26,(IF(P26<10,2,IF(P26<100,1,IF(P26>100,0))))) -> 127 | R26: {=_xlfn.XLOOKUP(N26,tab_fatorTestes[[#All],[Dgts]],tab_fatorTestes[[#All],[Fator]],"Erro",-1,1)} -> az
A27: au | B27: =B26+1 -> 26 | C27: =C26*1000 -> 1e+75 | D27: =LEN(TEXT(C27,0)) -> 76
A28: av | B28: =B27+1 -> 27 | C28: =C27*1000 -> 1e+78 | D28: =LEN(TEXT(C28,0)) -> 79 | F28: Heliodoro | G28: ='Idle-Normal'!AE37 -> 1.03 | H28: ='Idle-Normal'!AF37 -> aw | I28: =G28*(VLOOKUP(H28,tab_fatorTestes[],3,0)) -> 1.03e+81 | J28: =LEN(TEXT(I28,0)) -> 82 | K28: {=_xlfn.XLOOKUP(J28,tab_fatorTestes[[#All],[Dgts]],tab_fatorTestes[[#All],[Fator]],"Erro",-1,1)} -> aw | L28: =K28=H28 -> TRUE | M28: =I28*$G$2 -> 6.077e+81 | N28: =LEN(TEXT(M28,0)) -> 82 | O28: =VLOOKUP(R28,tab_fatorTestes[],3,0) -> 1e+81 | P28: =M28/O28 -> 6.077 | Q28: =ROUND(P28,(IF(P28<10,2,IF(P28<100,1,IF(P28>100,0))))) -> 6.08 | R28: {=_xlfn.XLOOKUP(N28,tab_fatorTestes[[#All],[Dgts]],tab_fatorTestes[[#All],[Fator]],"Erro",-1,1)} -> aw
A29: aw | B29: =B28+1 -> 28 | C29: =C28*1000 -> 1e+81 | D29: =LEN(TEXT(C29,0)) -> 82 | F29: Realgar | G29: ='Idle-Normal'!AE38 -> 31.9 | H29: ='Idle-Normal'!AF38 -> av | I29: =G29*(VLOOKUP(H29,tab_fatorTestes[],3,0)) -> 3.19e+79 | J29: =LEN(TEXT(I29,0)) -> 80 | K29: {=_xlfn.XLOOKUP(J29,tab_fatorTestes[[#All],[Dgts]],tab_fatorTestes[[#All],[Fator]],"Erro",-1,1)} -> av | L29: =K29=H29 -> TRUE | M29: =I29*$G$2 -> 1.8821e+80 | N29: =LEN(TEXT(M29,0)) -> 81 | O29: =VLOOKUP(R29,tab_fatorTestes[],3,0) -> 1e+78 | P29: =M29/O29 -> 188.21 | Q29: =ROUND(P29,(IF(P29<10,2,IF(P29<100,1,IF(P29>100,0))))) -> 188 | R29: {=_xlfn.XLOOKUP(N29,tab_fatorTestes[[#All],[Dgts]],tab_fatorTestes[[#All],[Fator]],"Erro",-1,1)} -> av
A30: ax | B30: =B29+1 -> 29 | C30: =C29*1000 -> 1e+84 | D30: =LEN(TEXT(C30,0)) -> 85 | F30: Alexandrita | G30: ='Idle-Normal'!AE39 -> 282 | H30: ='Idle-Normal'!AF39 -> av | I30: =G30*(VLOOKUP(H30,tab_fatorTestes[],3,0)) -> 2.82e+80 | J30: =LEN(TEXT(I30,0)) -> 81 | K30: {=_xlfn.XLOOKUP(J30,tab_fatorTestes[[#All],[Dgts]],tab_fatorTestes[[#All],[Fator]],"Erro",-1,1)} -> av | L30: =K30=H30 -> TRUE | M30: =I30*$G$2 -> 1.6638e+81 | N30: =LEN(TEXT(M30,0)) -> 82 | O30: =VLOOKUP(R30,tab_fatorTestes[],3,0) -> 1e+81 | P30: =M30/O30 -> 1.6638 | Q30: =ROUND(P30,(IF(P30<10,2,IF(P30<100,1,IF(P30>100,0))))) -> 1.66 | R30: {=_xlfn.XLOOKUP(N30,tab_fatorTestes[[#All],[Dgts]],tab_fatorTestes[[#All],[Fator]],"Erro",-1,1)} -> aw
A31: ay | B31: =B30+1 -> 30 | C31: =C30*1000 -> 1e+87 | D31: =LEN(TEXT(C31,0)) -> 88 | F31: Celestina | G31: ='Idle-Normal'!AE40 -> 44.6 | H31: ='Idle-Normal'!AF40 -> av | I31: =G31*(VLOOKUP(H31,tab_fatorTestes[],3,0)) -> 4.46e+79 | J31: =LEN(TEXT(I31,0)) -> 80 | K31: {=_xlfn.XLOOKUP(J31,tab_fatorTestes[[#All],[Dgts]],tab_fatorTestes[[#All],[Fator]],"Erro",-1,1)} -> av | L31: =K31=H31 -> TRUE | M31: =I31*$G$2 -> 2.6314e+80 | N31: =LEN(TEXT(M31,0)) -> 81 | O31: =VLOOKUP(R31,tab_fatorTestes[],3,0) -> 1e+78 | P31: =M31/O31 -> 263.14 | Q31: =ROUND(P31,(IF(P31<10,2,IF(P31<100,1,IF(P31>100,0))))) -> 263 | R31: {=_xlfn.XLOOKUP(N31,tab_fatorTestes[[#All],[Dgts]],tab_fatorTestes[[#All],[Fator]],"Erro",-1,1)} -> av
A32: az | B32: =B31+1 -> 31 | C32: =C31*1000 -> 1e+90 | D32: =LEN(TEXT(C32,0)) -> 91 | F32: Titanita | G32: ='Idle-Normal'!AE41 -> 1.02 | H32: ='Idle-Normal'!AF41 -> aw | I32: =G32*(VLOOKUP(H32,tab_fatorTestes[],3,0)) -> 1.02e+81 | J32: =LEN(TEXT(I32,0)) -> 82 | K32: {=_xlfn.XLOOKUP(J32,tab_fatorTestes[[#All],[Dgts]],tab_fatorTestes[[#All],[Fator]],"Erro",-1,1)} -> aw | L32: =K32=H32 -> TRUE | M32: =I32*$G$2 -> 6.018e+81 | N32: =LEN(TEXT(M32,0)) -> 82 | O32: =VLOOKUP(R32,tab_fatorTestes[],3,0) -> 1e+81 | P32: =M32/O32 -> 6.018 | Q32: =ROUND(P32,(IF(P32<10,2,IF(P32<100,1,IF(P32>100,0))))) -> 6.02 | R32: {=_xlfn.XLOOKUP(N32,tab_fatorTestes[[#All],[Dgts]],tab_fatorTestes[[#All],[Fator]],"Erro",-1,1)} -> aw
A33: ba | B33: =B32+1 -> 32 | C33: =C32*1000 -> 1e+93 | D33: =LEN(TEXT(C33,0)) -> 94 | F33: Total | M33: =SUM(M28:M32) -> 1.421015e+82 | N33: =LEN(TEXT(M33,0)) -> 83 | O33: =VLOOKUP(R33,tab_fatorTestes[],3,0) -> 1e+81 | P33: =M33/O33 -> 14.21015 | Q33: =ROUND(P33,(IF(P33<10,2,IF(P33<100,1,IF(P33>100,0))))) -> 14.2 | R33: {=_xlfn.XLOOKUP(N33,tab_fatorTestes[[#All],[Dgts]],tab_fatorTestes[[#All],[Fator]],"Erro",-1,1)} -> aw
A34: bb | B34: =B33+1 -> 33 | C34: =C33*1000 -> 1e+96 | D34: =LEN(TEXT(C34,0)) -> 97
A35: bc | B35: =B34+1 -> 34 | C35: =C34*1000 -> 1e+99 | D35: =LEN(TEXT(C35,0)) -> 100 | F35: Fluorita | G35: ='Idle-Normal'!AE47 -> 1.63 | H35: ='Idle-Normal'!AF47 -> au | I35: =G35*(VLOOKUP(H35,tab_fatorTestes[],3,0)) -> 1.63e+75 | J35: =LEN(TEXT(I35,0)) -> 76 | K35: {=_xlfn.XLOOKUP(J35,tab_fatorTestes[[#All],[Dgts]],tab_fatorTestes[[#All],[Fator]],"Erro",-1,1)} -> au | L35: =K35=H35 -> TRUE | M35: =I35*$G$2 -> 9.617e+75 | N35: =LEN(TEXT(M35,0)) -> 76 | O35: =VLOOKUP(R35,tab_fatorTestes[],3,0) -> 1e+75 | P35: =M35/O35 -> 9.617 | Q35: =ROUND(P35,(IF(P35<10,2,IF(P35<100,1,IF(P35>100,0))))) -> 9.62 | R35: {=_xlfn.XLOOKUP(N35,tab_fatorTestes[[#All],[Dgts]],tab_fatorTestes[[#All],[Fator]],"Erro",-1,1)} -> au
A36: bd | B36: =B35+1 -> 35 | C36: =C35*1000 -> 1e+102 | D36: =LEN(TEXT(C36,0)) -> 103 | F36: Quartzo | G36: ='Idle-Normal'!AE48 -> 6.63 | H36: ='Idle-Normal'!AF48 -> au | I36: =G36*(VLOOKUP(H36,tab_fatorTestes[],3,0)) -> 6.63e+75 | J36: =LEN(TEXT(I36,0)) -> 76 | K36: {=_xlfn.XLOOKUP(J36,tab_fatorTestes[[#All],[Dgts]],tab_fatorTestes[[#All],[Fator]],"Erro",-1,1)} -> au | L36: =K36=H36 -> TRUE | M36: =I36*$G$2 -> 3.9117e+76 | N36: =LEN(TEXT(M36,0)) -> 77 | O36: =VLOOKUP(R36,tab_fatorTestes[],3,0) -> 1e+75 | P36: =M36/O36 -> 39.117 | Q36: =ROUND(P36,(IF(P36<10,2,IF(P36<100,1,IF(P36>100,0))))) -> 39.1 | R36: {=_xlfn.XLOOKUP(N36,tab_fatorTestes[[#All],[Dgts]],tab_fatorTestes[[#All],[Fator]],"Erro",-1,1)} -> au
A37: be | B37: =B36+1 -> 36 | C37: =C36*1000 -> 1e+105 | D37: =LEN(TEXT(C37,0)) -> 106 | F37: Argonita | G37: ='Idle-Normal'!AE49 -> 113 | H37: ='Idle-Normal'!AF49 -> au | I37: =G37*(VLOOKUP(H37,tab_fatorTestes[],3,0)) -> 1.13e+77 | J37: =LEN(TEXT(I37,0)) -> 78 | K37: {=_xlfn.XLOOKUP(J37,tab_fatorTestes[[#All],[Dgts]],tab_fatorTestes[[#All],[Fator]],"Erro",-1,1)} -> au | L37: =K37=H37 -> TRUE | M37: =I37*$G$2 -> 6.667e+77 | N37: =LEN(TEXT(M37,0)) -> 78 | O37: =VLOOKUP(R37,tab_fatorTestes[],3,0) -> 1e+75 | P37: =M37/O37 -> 666.7 | Q37: =ROUND(P37,(IF(P37<10,2,IF(P37<100,1,IF(P37>100,0))))) -> 667 | R37: {=_xlfn.XLOOKUP(N37,tab_fatorTestes[[#All],[Dgts]],tab_fatorTestes[[#All],[Fator]],"Erro",-1,1)} -> au
A38: bf | B38: =B37+1 -> 37 | C38: =C37*1000 -> 1e+108 | D38: =LEN(TEXT(C38,0)) -> 109 | F38: Berilo | G38: ='Idle-Normal'!AE50 -> 151 | H38: ='Idle-Normal'!AF50 -> au | I38: =G38*(VLOOKUP(H38,tab_fatorTestes[],3,0)) -> 1.51e+77 | J38: =LEN(TEXT(I38,0)) -> 78 | K38: {=_xlfn.XLOOKUP(J38,tab_fatorTestes[[#All],[Dgts]],tab_fatorTestes[[#All],[Fator]],"Erro",-1,1)} -> au | L38: =K38=H38 -> TRUE | M38: =I38*$G$2 -> 8.909e+77 | N38: =LEN(TEXT(M38,0)) -> 78 | O38: =VLOOKUP(R38,tab_fatorTestes[],3,0) -> 1e+75 | P38: =M38/O38 -> 890.9 | Q38: =ROUND(P38,(IF(P38<10,2,IF(P38<100,1,IF(P38>100,0))))) -> 891 | R38: {=_xlfn.XLOOKUP(N38,tab_fatorTestes[[#All],[Dgts]],tab_fatorTestes[[#All],[Fator]],"Erro",-1,1)} -> au
A39: bg | B39: =B38+1 -> 38 | C39: =C38*1000 -> 1e+111 | D39: =LEN(TEXT(C39,0)) -> 112 | F39: Calcita | G39: ='Idle-Normal'!AE51 -> 102 | H39: ='Idle-Normal'!AF51 -> au | I39: =G39*(VLOOKUP(H39,tab_fatorTestes[],3,0)) -> 1.02e+77 | J39: =LEN(TEXT(I39,0)) -> 78 | K39: {=_xlfn.XLOOKUP(J39,tab_fatorTestes[[#All],[Dgts]],tab_fatorTestes[[#All],[Fator]],"Erro",-1,1)} -> au | L39: =K39=H39 -> TRUE | M39: =I39*$G$2 -> 6.018e+77 | N39: =LEN(TEXT(M39,0)) -> 78 | O39: =VLOOKUP(R39,tab_fatorTestes[],3,0) -> 1e+75 | P39: =M39/O39 -> 601.8 | Q39: =ROUND(P39,(IF(P39<10,2,IF(P39<100,1,IF(P39>100,0))))) -> 602 | R39: {=_xlfn.XLOOKUP(N39,tab_fatorTestes[[#All],[Dgts]],tab_fatorTestes[[#All],[Fator]],"Erro",-1,1)} -> au
A40: bh | B40: =B39+1 -> 39 | C40: =C39*1000 -> 1e+114 | D40: =LEN(TEXT(C40,0)) -> 115 | F40: Total | M40: =SUM(M35:M39) -> 2.208134e+78 | N40: =LEN(TEXT(M40,0)) -> 79 | O40: =VLOOKUP(R40,tab_fatorTestes[],3,0) -> 1e+78 | P40: =M40/O40 -> 2.208134 | Q40: =ROUND(P40,(IF(P40<10,2,IF(P40<100,1,IF(P40>100,0))))) -> 2.21 | R40: {=_xlfn.XLOOKUP(N40,tab_fatorTestes[[#All],[Dgts]],tab_fatorTestes[[#All],[Fator]],"Erro",-1,1)} -> av
A41: bi | B41: =B40+1 -> 40 | C41: =C40*1000 -> 1e+117 | D41: =LEN(TEXT(C41,0)) -> 118
A42: bj | B42: =B41+1 -> 41 | C42: =C41*1000 -> 1e+120 | D42: =LEN(TEXT(C42,0)) -> 121 | F42: Água-Marinha | G42: ='Idle-Normal'!AE57 -> 2.09 | H42: ='Idle-Normal'!AF57 -> au | I42: =G42*(VLOOKUP(H42,tab_fatorTestes[],3,0)) -> 2.09e+75 | J42: =LEN(TEXT(I42,0)) -> 76 | K42: {=_xlfn.XLOOKUP(J42,tab_fatorTestes[[#All],[Dgts]],tab_fatorTestes[[#All],[Fator]],"Erro",-1,1)} -> au | L42: =K42=H42 -> TRUE | M42: =I42*$G$2 -> 1.2331e+76 | N42: =LEN(TEXT(M42,0)) -> 77 | O42: =VLOOKUP(R42,tab_fatorTestes[],3,0) -> 1e+75 | P42: =M42/O42 -> 12.331 | Q42: =ROUND(P42,(IF(P42<10,2,IF(P42<100,1,IF(P42>100,0))))) -> 12.3 | R42: {=_xlfn.XLOOKUP(N42,tab_fatorTestes[[#All],[Dgts]],tab_fatorTestes[[#All],[Fator]],"Erro",-1,1)} -> au
A43: bk | B43: =B42+1 -> 42 | C43: =C42*1000 -> 1e+123 | D43: =LEN(TEXT(C43,0)) -> 124 | F43: Amolita | G43: ='Idle-Normal'!AE58 -> 2.55 | H43: ='Idle-Normal'!AF58 -> au | I43: =G43*(VLOOKUP(H43,tab_fatorTestes[],3,0)) -> 2.55e+75 | J43: =LEN(TEXT(I43,0)) -> 76 | K43: {=_xlfn.XLOOKUP(J43,tab_fatorTestes[[#All],[Dgts]],tab_fatorTestes[[#All],[Fator]],"Erro",-1,1)} -> au | L43: =K43=H43 -> TRUE | M43: =I43*$G$2 -> 1.5045e+76 | N43: =LEN(TEXT(M43,0)) -> 77 | O43: =VLOOKUP(R43,tab_fatorTestes[],3,0) -> 1e+75 | P43: =M43/O43 -> 15.045 | Q43: =ROUND(P43,(IF(P43<10,2,IF(P43<100,1,IF(P43>100,0))))) -> 15 | R43: {=_xlfn.XLOOKUP(N43,tab_fatorTestes[[#All],[Dgts]],tab_fatorTestes[[#All],[Fator]],"Erro",-1,1)} -> au
A44: bl | B44: =B43+1 -> 43 | C44: =C43*1000 -> 1e+126 | D44: =LEN(TEXT(C44,0)) -> 127 | F44: Azurita | G44: ='Idle-Normal'!AE59 -> 56.1 | H44: ='Idle-Normal'!AF59 -> aq | I44: =G44*(VLOOKUP(H44,tab_fatorTestes[],3,0)) -> 5.61e+64 | J44: =LEN(TEXT(I44,0)) -> 65 | K44: {=_xlfn.XLOOKUP(J44,tab_fatorTestes[[#All],[Dgts]],tab_fatorTestes[[#All],[Fator]],"Erro",-1,1)} -> aq | L44: =K44=H44 -> TRUE | M44: =I44*$G$2 -> 3.3099e+65 | N44: =LEN(TEXT(M44,0)) -> 66 | O44: =VLOOKUP(R44,tab_fatorTestes[],3,0) -> 1e+63 | P44: =M44/O44 -> 330.99 | Q44: =ROUND(P44,(IF(P44<10,2,IF(P44<100,1,IF(P44>100,0))))) -> 331 | R44: {=_xlfn.XLOOKUP(N44,tab_fatorTestes[[#All],[Dgts]],tab_fatorTestes[[#All],[Fator]],"Erro",-1,1)} -> aq
A45: bm | B45: =B44+1 -> 44 | C45: =C44*1000 -> 1e+129 | D45: =LEN(TEXT(C45,0)) -> 130 | F45: Pérola | G45: ='Idle-Normal'!AE60 -> 805 | H45: ='Idle-Normal'!AF60 -> at | I45: =G45*(VLOOKUP(H45,tab_fatorTestes[],3,0)) -> 8.05e+74 | J45: =LEN(TEXT(I45,0)) -> 75 | K45: {=_xlfn.XLOOKUP(J45,tab_fatorTestes[[#All],[Dgts]],tab_fatorTestes[[#All],[Fator]],"Erro",-1,1)} -> at | L45: =K45=H45 -> TRUE | M45: =I45*$G$2 -> 4.7495e+75 | N45: =LEN(TEXT(M45,0)) -> 76 | O45: =VLOOKUP(R45,tab_fatorTestes[],3,0) -> 1e+75 | P45: =M45/O45 -> 4.7495 | Q45: =ROUND(P45,(IF(P45<10,2,IF(P45<100,1,IF(P45>100,0))))) -> 4.75 | R45: {=_xlfn.XLOOKUP(N45,tab_fatorTestes[[#All],[Dgts]],tab_fatorTestes[[#All],[Fator]],"Erro",-1,1)} -> au
A46: bn | B46: =B45+1 -> 45 | C46: =C45*1000 -> 1e+132 | D46: =LEN(TEXT(C46,0)) -> 133 | F46: Turquesa | G46: ='Idle-Normal'!AE61 -> 10.1 | H46: ='Idle-Normal'!AF61 -> au | I46: =G46*(VLOOKUP(H46,tab_fatorTestes[],3,0)) -> 1.01e+76 | J46: =LEN(TEXT(I46,0)) -> 77 | K46: {=_xlfn.XLOOKUP(J46,tab_fatorTestes[[#All],[Dgts]],tab_fatorTestes[[#All],[Fator]],"Erro",-1,1)} -> au | L46: =K46=H46 -> TRUE | M46: =I46*$G$2 -> 5.959e+76 | N46: =LEN(TEXT(M46,0)) -> 77 | O46: =VLOOKUP(R46,tab_fatorTestes[],3,0) -> 1e+75 | P46: =M46/O46 -> 59.59 | Q46: =ROUND(P46,(IF(P46<10,2,IF(P46<100,1,IF(P46>100,0))))) -> 59.6 | R46: {=_xlfn.XLOOKUP(N46,tab_fatorTestes[[#All],[Dgts]],tab_fatorTestes[[#All],[Fator]],"Erro",-1,1)} -> au
A47: bo | B47: =B46+1 -> 46 | C47: =C46*1000 -> 1e+135 | D47: =LEN(TEXT(C47,0)) -> 136 | F47: Total | M47: =SUM(M42:M46) -> 9.17155e+76 | N47: =LEN(TEXT(M47,0)) -> 77 | O47: =VLOOKUP(R47,tab_fatorTestes[],3,0) -> 1e+75 | P47: =M47/O47 -> 91.7155 | Q47: =ROUND(P47,(IF(P47<10,2,IF(P47<100,1,IF(P47>100,0))))) -> 91.7 | R47: {=_xlfn.XLOOKUP(N47,tab_fatorTestes[[#All],[Dgts]],tab_fatorTestes[[#All],[Fator]],"Erro",-1,1)} -> au
A48: bp | B48: =B47+1 -> 47 | C48: =C47*1000 -> 1e+138 | D48: =LEN(TEXT(C48,0)) -> 139
A49: bq | B49: =B48+1 -> 48 | C49: =C48*1000 -> 1e+141 | D49: =LEN(TEXT(C49,0)) -> 142 | F49: Crisoberílio | G49: ='Idle-Normal'!AE67 -> 1.4 | H49: ='Idle-Normal'!AF67 -> au | I49: =G49*(VLOOKUP(H49,tab_fatorTestes[],3,0)) -> 1.4e+75 | J49: =LEN(TEXT(I49,0)) -> 76 | K49: {=_xlfn.XLOOKUP(J49,tab_fatorTestes[[#All],[Dgts]],tab_fatorTestes[[#All],[Fator]],"Erro",-1,1)} -> au | L49: =K49=H49 -> TRUE | M49: =I49*$G$2 -> 8.26e+75 | N49: =LEN(TEXT(M49,0)) -> 76 | O49: =VLOOKUP(R49,tab_fatorTestes[],3,0) -> 1e+75 | P49: =M49/O49 -> 8.26 | Q49: =ROUND(P49,(IF(P49<10,2,IF(P49<100,1,IF(P49>100,0))))) -> 8.26 | R49: {=_xlfn.XLOOKUP(N49,tab_fatorTestes[[#All],[Dgts]],tab_fatorTestes[[#All],[Fator]],"Erro",-1,1)} -> au
A50: br | B50: =B49+1 -> 49 | C50: =C49*1000 -> 1e+144 | D50: =LEN(TEXT(C50,0)) -> 145 | F50: Labradorita | G50: ='Idle-Normal'!AE68 -> 21.7 | H50: ='Idle-Normal'!AF68 -> au | I50: =G50*(VLOOKUP(H50,tab_fatorTestes[],3,0)) -> 2.17e+76 | J50: =LEN(TEXT(I50,0)) -> 77 | K50: {=_xlfn.XLOOKUP(J50,tab_fatorTestes[[#All],[Dgts]],tab_fatorTestes[[#All],[Fator]],"Erro",-1,1)} -> au | L50: =K50=H50 -> TRUE | M50: =I50*$G$2 -> 1.2803e+77 | N50: =LEN(TEXT(M50,0)) -> 78 | O50: =VLOOKUP(R50,tab_fatorTestes[],3,0) -> 1e+75 | P50: =M50/O50 -> 128.03 | Q50: =ROUND(P50,(IF(P50<10,2,IF(P50<100,1,IF(P50>100,0))))) -> 128 | R50: {=_xlfn.XLOOKUP(N50,tab_fatorTestes[[#All],[Dgts]],tab_fatorTestes[[#All],[Fator]],"Erro",-1,1)} -> au
A51: bs | B51: =B50+1 -> 50 | C51: =C50*1000 -> 1e+147 | D51: =LEN(TEXT(C51,0)) -> 148 | F51: Aventurina | G51: ='Idle-Normal'!AE69 -> 376 | H51: ='Idle-Normal'!AF69 -> au | I51: =G51*(VLOOKUP(H51,tab_fatorTestes[],3,0)) -> 3.76e+77 | J51: =LEN(TEXT(I51,0)) -> 78 | K51: {=_xlfn.XLOOKUP(J51,tab_fatorTestes[[#All],[Dgts]],tab_fatorTestes[[#All],[Fator]],"Erro",-1,1)} -> au | L51: =K51=H51 -> TRUE | M51: =I51*$G$2 -> 2.2184e+78 | N51: =LEN(TEXT(M51,0)) -> 79 | O51: =VLOOKUP(R51,tab_fatorTestes[],3,0) -> 1e+78 | P51: =M51/O51 -> 2.2184 | Q51: =ROUND(P51,(IF(P51<10,2,IF(P51<100,1,IF(P51>100,0))))) -> 2.22 | R51: {=_xlfn.XLOOKUP(N51,tab_fatorTestes[[#All],[Dgts]],tab_fatorTestes[[#All],[Fator]],"Erro",-1,1)} -> av
A52: bt | B52: =B51+1 -> 51 | C52: =C51*1000 -> 1e+150 | D52: =LEN(TEXT(C52,0)) -> 151 | F52: Jaspe | G52: ='Idle-Normal'!AE70 -> 1.36 | H52: ='Idle-Normal'!AF70 -> av | I52: =G52*(VLOOKUP(H52,tab_fatorTestes[],3,0)) -> 1.36e+78 | J52: =LEN(TEXT(I52,0)) -> 79 | K52: {=_xlfn.XLOOKUP(J52,tab_fatorTestes[[#All],[Dgts]],tab_fatorTestes[[#All],[Fator]],"Erro",-1,1)} -> av | L52: =K52=H52 -> TRUE | M52: =I52*$G$2 -> 8.024e+78 | N52: =LEN(TEXT(M52,0)) -> 79 | O52: =VLOOKUP(R52,tab_fatorTestes[],3,0) -> 1e+78 | P52: =M52/O52 -> 8.024 | Q52: =ROUND(P52,(IF(P52<10,2,IF(P52<100,1,IF(P52>100,0))))) -> 8.02 | R52: {=_xlfn.XLOOKUP(N52,tab_fatorTestes[[#All],[Dgts]],tab_fatorTestes[[#All],[Fator]],"Erro",-1,1)} -> av
A53: bu | B53: =B52+1 -> 52 | C53: =C52*1000 -> 1e+153 | D53: =LEN(TEXT(C53,0)) -> 154 | F53: Cornalina | G53: ='Idle-Normal'!AE71 -> 250 | H53: ='Idle-Normal'!AF71 -> au | I53: =G53*(VLOOKUP(H53,tab_fatorTestes[],3,0)) -> 2.5e+77 | J53: =LEN(TEXT(I53,0)) -> 78 | K53: {=_xlfn.XLOOKUP(J53,tab_fatorTestes[[#All],[Dgts]],tab_fatorTestes[[#All],[Fator]],"Erro",-1,1)} -> au | L53: =K53=H53 -> TRUE | M53: =I53*$G$2 -> 1.475e+78 | N53: =LEN(TEXT(M53,0)) -> 79 | O53: =VLOOKUP(R53,tab_fatorTestes[],3,0) -> 1e+78 | P53: =M53/O53 -> 1.475 | Q53: =ROUND(P53,(IF(P53<10,2,IF(P53<100,1,IF(P53>100,0))))) -> 1.48 | R53: {=_xlfn.XLOOKUP(N53,tab_fatorTestes[[#All],[Dgts]],tab_fatorTestes[[#All],[Fator]],"Erro",-1,1)} -> av
A54: bv | B54: =B53+1 -> 53 | C54: =C53*1000 -> 1e+156 | D54: =LEN(TEXT(C54,0)) -> 157 | F54: Total | M54: =SUM(M49:M53) -> 1.185369e+79 | N54: =LEN(TEXT(M54,0)) -> 80 | O54: =VLOOKUP(R54,tab_fatorTestes[],3,0) -> 1e+78 | P54: =M54/O54 -> 11.85369 | Q54: =ROUND(P54,(IF(P54<10,2,IF(P54<100,1,IF(P54>100,0))))) -> 11.9 | R54: {=_xlfn.XLOOKUP(N54,tab_fatorTestes[[#All],[Dgts]],tab_fatorTestes[[#All],[Fator]],"Erro",-1,1)} -> av
A55: bw | B55: =B54+1 -> 54 | C55: =C54*1000 -> 1e+159 | D55: =LEN(TEXT(C55,0)) -> 160
A56: bx | B56: =B55+1 -> 55 | C56: =C55*1000 -> 1e+162 | D56: =LEN(TEXT(C56,0)) -> 163 | F56: Nautilus | G56: ='Idle-Normal'!AE77 -> 62.3 | H56: ='Idle-Normal'!AF77 -> aq | I56: =G56*(VLOOKUP(H56,tab_fatorTestes[],3,0)) -> 6.23e+64 | J56: =LEN(TEXT(I56,0)) -> 65 | K56: {=_xlfn.XLOOKUP(J56,tab_fatorTestes[[#All],[Dgts]],tab_fatorTestes[[#All],[Fator]],"Erro",-1,1)} -> aq | L56: =K56=H56 -> TRUE | M56: =I56*$G$2 -> 3.6757e+65 | N56: =LEN(TEXT(M56,0)) -> 66 | O56: =VLOOKUP(R56,tab_fatorTestes[],3,0) -> 1e+63 | P56: =M56/O56 -> 367.57 | Q56: =ROUND(P56,(IF(P56<10,2,IF(P56<100,1,IF(P56>100,0))))) -> 368 | R56: {=_xlfn.XLOOKUP(N56,tab_fatorTestes[[#All],[Dgts]],tab_fatorTestes[[#All],[Fator]],"Erro",-1,1)} -> aq
A57: by | B57: =B56+1 -> 56 | C57: =C56*1000 -> 1e+165 | D57: =LEN(TEXT(C57,0)) -> 166 | F57: Atlatis | G57: ='Idle-Normal'!AE78 -> 12.6 | H57: ='Idle-Normal'!AF78 -> aq | I57: =G57*(VLOOKUP(H57,tab_fatorTestes[],3,0)) -> 1.26e+64 | J57: =LEN(TEXT(I57,0)) -> 65 | K57: {=_xlfn.XLOOKUP(J57,tab_fatorTestes[[#All],[Dgts]],tab_fatorTestes[[#All],[Fator]],"Erro",-1,1)} -> aq | L57: =K57=H57 -> TRUE | M57: =I57*$G$2 -> 7.434e+64 | N57: =LEN(TEXT(M57,0)) -> 65 | O57: =VLOOKUP(R57,tab_fatorTestes[],3,0) -> 1e+63 | P57: =M57/O57 -> 74.34 | Q57: =ROUND(P57,(IF(P57<10,2,IF(P57<100,1,IF(P57>100,0))))) -> 74.3 | R57: {=_xlfn.XLOOKUP(N57,tab_fatorTestes[[#All],[Dgts]],tab_fatorTestes[[#All],[Fator]],"Erro",-1,1)} -> aq
A58: bz | B58: =B57+1 -> 57 | C58: =C57*1000 -> 1e+168 | D58: =LEN(TEXT(C58,0)) -> 169 | F58: Bermudas | G58: ='Idle-Normal'!AE79 -> 440 | H58: ='Idle-Normal'!AF79 -> aq | I58: =G58*(VLOOKUP(H58,tab_fatorTestes[],3,0)) -> 4.4e+65 | J58: =LEN(TEXT(I58,0)) -> 66 | K58: {=_xlfn.XLOOKUP(J58,tab_fatorTestes[[#All],[Dgts]],tab_fatorTestes[[#All],[Fator]],"Erro",-1,1)} -> aq | L58: =K58=H58 -> TRUE | M58: =I58*$G$2 -> 2.596e+66 | N58: =LEN(TEXT(M58,0)) -> 67 | O58: =VLOOKUP(R58,tab_fatorTestes[],3,0) -> 1e+66 | P58: =M58/O58 -> 2.596 | Q58: =ROUND(P58,(IF(P58<10,2,IF(P58<100,1,IF(P58>100,0))))) -> 2.6 | R58: {=_xlfn.XLOOKUP(N58,tab_fatorTestes[[#All],[Dgts]],tab_fatorTestes[[#All],[Fator]],"Erro",-1,1)} -> ar
F59: Sereias | G59: ='Idle-Normal'!AE80 -> 1.25 | H59: ='Idle-Normal'!AF80 -> aq | I59: =G59*(VLOOKUP(H59,tab_fatorTestes[],3,0)) -> 1.25e+63 | J59: =LEN(TEXT(I59,0)) -> 64 | K59: {=_xlfn.XLOOKUP(J59,tab_fatorTestes[[#All],[Dgts]],tab_fatorTestes[[#All],[Fator]],"Erro",-1,1)} -> aq | L59: =K59=H59 -> TRUE | M59: =I59*$G$2 -> 7.375e+63 | N59: =LEN(TEXT(M59,0)) -> 64 | O59: =VLOOKUP(R59,tab_fatorTestes[],3,0) -> 1e+63 | P59: =M59/O59 -> 7.375 | Q59: =ROUND(P59,(IF(P59<10,2,IF(P59<100,1,IF(P59>100,0))))) -> 7.38 | R59: {=_xlfn.XLOOKUP(N59,tab_fatorTestes[[#All],[Dgts]],tab_fatorTestes[[#All],[Fator]],"Erro",-1,1)} -> aq
F60: Abismo | G60: ='Idle-Normal'!AE81 -> 109 | H60: ='Idle-Normal'!AF81 -> aq | I60: =G60*(VLOOKUP(H60,tab_fatorTestes[],3,0)) -> 1.09e+65 | J60: =LEN(TEXT(I60,0)) -> 66 | K60: {=_xlfn.XLOOKUP(J60,tab_fatorTestes[[#All],[Dgts]],tab_fatorTestes[[#All],[Fator]],"Erro",-1,1)} -> aq | L60: =K60=H60 -> TRUE | M60: =I60*$G$2 -> 6.431e+65 | N60: =LEN(TEXT(M60,0)) -> 66 | O60: =VLOOKUP(R60,tab_fatorTestes[],3,0) -> 1e+63 | P60: =M60/O60 -> 643.1 | Q60: =ROUND(P60,(IF(P60<10,2,IF(P60<100,1,IF(P60>100,0))))) -> 643 | R60: {=_xlfn.XLOOKUP(N60,tab_fatorTestes[[#All],[Dgts]],tab_fatorTestes[[#All],[Fator]],"Erro",-1,1)} -> aq
F61: Total | M61: =SUM(M56:M60) -> 3.688385e+66 | N61: =LEN(TEXT(M61,0)) -> 67 | O61: =VLOOKUP(R61,tab_fatorTestes[],3,0) -> 1e+66 | P61: =M61/O61 -> 3.688385 | Q61: =ROUND(P61,(IF(P61<10,2,IF(P61<100,1,IF(P61>100,0))))) -> 3.69 | R61: {=_xlfn.XLOOKUP(N61,tab_fatorTestes[[#All],[Dgts]],tab_fatorTestes[[#All],[Fator]],"Erro",-1,1)} -> ar

Sheet Planilha1
H9: 80 | I9: =SUM(H10:H17) -> 78
G10: Pé | H10: 5
G11: Piso | H11: 2
G12: Espaço | H12: 32
G13: piso2 | H13: 2
G14: Espaço 2 | H14: 32
G15: Teto | H15: 5
